BHK,Size,Bathroom,Rent
2,1100,2,10000
2,800,1,20000
2,1000,1,17000
2,800,1,10000
2,850,1,7500
2,600,2,7000
2,700,2,10000
1,250,1,5000
2,800,2,26000
2,1000,2,10000
3,1200,2,25000
1,400,1,5000
1,250,1,6500
1,375,1,5500
3,900,2,8500
3,1286,2,40000
2,600,1,6000
2,800,1,10000
2,2000,1,11000
2,660,1,6000
2,650,1,7900
2,400,2,9000
1,300,1,4000
3,1600,1,6500
1,400,1,8000
2,1000,1,7000
1,355,1,5300
2,1000,1,6000
2,800,1,8500
2,850,2,12500
1,350,1,7500
2,900,2,15000
2,550,1,6000
2,500,2,5000
3,1100,1,22000
2,850,1,15000
2,800,1,12500
2,630,1,7000
2,900,2,21000
1,270,1,10000
2,630,1,7200
3,1500,2,12000
1,600,1,5000
2,700,1,8500
1,300,1,6000
2,1300,2,10000
2,400,1,4600
2,650,2,12000
3,2000,2,30000
3,1068,2,15000
1,150,1,7500
1,450,1,7500
2,800,1,5000
2,1000,2,15000
2,900,1,11000
1,600,1,7000
2,1200,1,6000
2,1200,2,6000
2,650,2,7000
2,720,2,8500
1,300,1,5000
3,1200,3,30000
2,700,2,10000
3,2000,2,30000
1,250,1,3500
2,1100,1,8000
1,300,1,5000
2,600,1,7500
2,800,1,6500
1,680,1,7500
1,680,1,7500
2,850,1,16000
2,850,1,16000
2,700,1,6500
3,1500,2,40000
2,950,2,12500
2,500,1,5500
1,450,1,5000
2,700,1,6500
1,500,1,8000
3,1800,2,14500
1,500,1,8200
2,480,2,15000
6,1000,2,20000
2,800,1,6700
1,435,1,10000
2,700,2,7000
2,800,1,22000
2,450,1,6500
2,550,1,8500
2,800,2,18000
2,550,2,12000
1,600,1,9000
1,500,1,6000
2,1000,2,20000
1,300,1,5000
2,1200,2,12000
2,500,1,10000
4,1200,2,18000
2,900,2,15000
3,1300,3,22000
4,1600,3,35000
3,1450,2,21000
2,1100,2,25000
2,950,2,180000
1,600,1,6000
2,700,2,14000
3,750,1,8000
2,1000,1,8000
1,220,1,6000
1,300,1,8000
1,300,1,6000
1,700,1,20000
3,800,2,12000
3,1600,2,15000
2,1000,2,14000
1,20,1,5000
2,400,1,7000
1,200,1,3900
3,840,2,14000
1,300,1,6300
2,550,2,13000
1,300,1,6800
2,800,2,8000
2,740,1,10000
2,1300,2,18000
2,650,1,8000
2,490,1,8000
1,250,1,4700
1,250,1,4700
1,450,1,4500
1,300,1,6000
2,750,2,16000
1,250,1,4700
2,751,1,14000
2,900,1,9000
2,400,1,5000
2,1000,2,17500
2,1000,1,8500
3,1500,2,15000
2,750,2,12500
1,1200,1,13000
2,700,1,8000
2,700,1,8000
2,1000,1,8000
2,1200,2,7000
2,550,1,2200
2,800,1,8000
2,280,1,5500
3,1100,3,20000
2,950,1,7000
1,250,1,3500
2,1000,1,5000
3,1000,2,20000
2,650,1,7000
2,700,2,10000
2,700,1,7000
3,1000,2,12000
2,900,2,14500
1,700,1,6000
2,700,2,9500
2,450,2,10000
1,120,1,3500
2,800,2,9000
3,1220,2,40000
3,1100,1,16500
3,700,2,8000
2,800,1,12000
2,670,1,6500
4,1300,3,40000
1,190,1,5000
2,700,1,9000
1,240,1,7000
2,850,1,18000
1,950,2,9000
1,450,1,5500
2,800,1,7500
2,600,1,4000
3,800,2,10500
3,1100,2,15000
2,800,1,15000
1,2200,3,50000
2,950,2,12000
2,550,1,11000
2,1800,2,12000
2,1000,1,8000
2,600,2,18000
2,750,2,8000
2,685,1,7000
1,44,1,6500
4,1200,1,13000
2,500,1,9000
4,1110,2,10000
2,1000,2,12000
2,392,1,5000
2,700,1,6000
1,750,1,5200
3,1500,2,15000
2,900,2,9000
1,710,1,24000
1,400,1,5500
1,700,1,10000
2,1000,1,15000
1,250,1,4700
1,500,1,5000
2,450,1,5000
3,1400,1,15000
1,500,1,5000
2,700,1,6000
3,1200,1,18000
2,450,1,8000
1,500,1,13000
2,400,1,7500
3,1000,2,12000
2,750,1,11000
1,450,1,6000
3,1000,2,20000
2,500,2,7000
4,1600,2,30000
2,550,1,7500
1,550,2,6500
1,200,1,3000
2,650,1,5200
2,1000,2,25000
2,680,2,12500
2,720,2,8500
2,500,1,3500
2,800,1,7000
1,160,1,3000
2,1200,2,14000
1,700,1,18000
1,1000,1,3500
2,1250,2,16000
4,1600,3,35000
2,700,1,21000
1,450,1,4500
2,839,2,15000
1,230,1,4500
1,1800,1,5500
2,800,2,8500
1,500,1,5000
2,620,1,8500
2,650,1,9000
1,550,1,7500
2,450,2,7000
3,1350,2,15000
2,600,2,7000
3,1200,1,10000
2,700,1,7000
3,800,2,3200
2,600,1,6000
2,900,2,12000
2,750,1,6000
3,1250,2,10000
3,1000,3,12000
2,600,1,8000
2,650,1,5300
2,450,1,5000
3,800,2,8500
3,1000,2,22000
2,1000,1,7000
3,1400,3,25000
2,600,1,7000
2,723,1,15000
1,320,1,6000
2,900,1,8000
3,1400,2,40000
1,2160,1,6000
2,650,1,15000
2,800,1,6500
3,800,1,8000
1,500,1,5500
3,1700,2,9000
1,130,1,6000
1,505,1,15000
4,4000,3,30000
3,1250,2,30000
1,700,1,5000
2,900,1,15000
1,650,1,6500
2,750,1,4500
2,450,1,7000
1,350,1,6500
1,480,2,17500
2,900,1,10000
1,200,1,1500
3,1100,3,25000
2,800,1,12000
3,1000,2,7500
1,800,1,7000
1,200,1,3500
3,1190,2,10000
2,900,2,14000
2,1500,2,15000
2,600,1,6500
3,800,1,10000
2,800,2,10500
3,900,2,10000
1,350,1,5000
2,800,1,9000
2,1600,2,20000
3,1012,2,35000
3,1200,2,15000
2,700,1,20000
2,1000,1,12000
2,800,1,8000
1,500,1,3000
3,1200,2,20000
1,450,1,9000
3,950,2,13000
1,350,1,7000
1,450,1,9000
1,550,1,9000
2,300,1,10000
3,1250,2,15000
2,700,1,7000
3,812,2,8000
2,550,1,8000
1,500,1,5000
1,320,1,14000
2,600,1,5000
2,420,1,5000
3,1100,1,12000
1,220,1,3200
2,700,2,8500
3,1200,2,16000
2,800,2,14000
1,300,1,8000
2,650,1,7000
1,600,1,8000
1,350,1,3000
1,500,1,3800
1,400,1,6500
3,1750,3,20000
3,1600,2,30000
1,300,1,8000
2,1100,2,14000
2,830,1,7200
2,600,2,7000
1,500,2,7000
2,900,1,7500
2,1250,2,8500
2,700,1,12000
1,850,2,8500
2,550,1,9500
2,550,2,7500
2,1200,1,12000
3,1100,2,20000
2,650,1,8500
3,1050,2,20000
2,960,2,6000
2,650,2,5500
1,550,1,7000
2,500,2,7000
1,450,1,6500
2,850,2,10000
1,300,1,5200
2,1000,3,13000
2,500,1,7000
2,756,1,12000
1,1000,1,15000
1,150,1,5000
1,800,1,8000
2,700,2,8000
1,420,1,5000
2,800,1,10000
2,288,1,12000
2,900,2,8000
2,850,2,21000
1,350,1,5000
2,600,1,9000
2,1600,1,8000
2,986,1,7000
3,1330,2,35000
3,1300,2,15000
2,800,1,6200
2,800,1,9900
2,850,1,7000
1,322,1,5000
2,800,1,6500
4,1500,2,40000
3,3500,2,40000
2,957,2,12000
1,850,1,6500
2,900,2,10000
2,600,1,15000
1,350,1,5000
2,800,1,7000
2,320,1,6000
3,800,1,15000
2,700,2,10000
2,1200,2,22000
2,750,1,8500
3,1200,3,35000
2,450,1,7000
3,1430,1,8500
2,450,1,6000
4,800,3,35000
1,400,1,6000
2,650,1,8000
1,450,1,5000
2,600,1,6000
3,1200,2,15000
2,700,1,9000
1,300,1,5000
3,1200,3,8000
3,1300,2,35000
1,400,1,5500
3,1320,2,35000
2,1000,2,11000
2,700,1,10000
2,800,2,6500
2,900,1,6000
3,1700,2,36125
2,600,1,6800
2,850,2,8500
2,550,1,5000
1,650,1,6500
1,800,1,6500
2,475,1,4500
1,200,1,6000
1,400,1,10000
1,500,1,12000
2,550,1,12000
2,800,1,12000
2,1000,2,9000
1,400,1,5000
1,300,1,6000
2,450,1,5500
2,450,1,5500
2,1100,2,8500
1,450,1,5000
2,1100,2,23000
2,650,1,5500
2,780,1,8500
3,1100,2,22000
1,800,1,5500
1,500,2,7000
1,400,1,5000
1,450,1,5000
2,550,1,6500
2,600,1,8000
1,200,1,5500
2,500,1,6000
1,450,1,5500
2,1050,2,10000
3,1000,2,10000
2,1200,2,10000
3,1100,2,12000
1,220,1,5200
1,350,1,4000
3,1100,1,30000
2,800,1,5146
2,950,1,12000
3,1200,1,7000
2,700,1,8500
1,500,1,7000
2,570,1,9500
2,650,1,8000
3,1200,3,15000
5,960,2,22500
2,1250,2,12500
3,120,2,34000
3,950,2,14000
1,600,1,9500
2,750,1,7000
3,1200,2,20000
1,400,1,6500
1,600,1,7500
2,700,1,6500
2,850,1,9500
1,500,1,1800
2,650,1,7500
2,800,2,10000
3,830,2,15000
2,600,1,7000
2,800,1,6000
2,1200,2,14000
2,1000,2,22000
2,750,2,18000
2,800,2,10000
2,1200,2,6000
2,750,1,10000
3,1500,2,10000
1,300,1,5000
3,800,1,10000
2,450,2,7000
4,1200,2,10000
2,500,2,6000
2,900,2,18000
2,460,1,8000
2,530,1,8000
2,650,2,13000
2,700,2,20000
2,400,1,6000
2,1000,2,12000
1,400,1,10000
2,700,2,14000
2,850,2,10000
2,558,2,10500
2,800,1,6000
2,900,2,12000
3,1600,2,14000
1,150,1,3700
3,1600,2,40000
3,1000,1,25000
1,700,1,2200
1,175,1,3300
1,450,1,5000
3,1700,3,60000
2,425,1,6000
3,900,3,7000
1,400,1,5000
2,600,1,11000
2,721,2,10000
3,1150,2,22000
3,2210,3,65000
2,675,1,7500
2,1320,2,45000
1,250,1,5000
2,720,2,12000
5,1880,2,25000
3,850,3,18000
2,1050,2,25000
1,320,1,25000
2,750,2,70000
1,450,1,45000
3,1100,3,75000
1,640,1,14000
1,650,1,60000
2,800,2,160000
4,1600,5,300000
1,460,1,22000
4,1650,4,130000
1,480,2,33000
1,500,2,32000
1,490,2,30000
1,620,1,49000
2,518,2,28000
2,700,2,33500
2,777,2,85000
2,650,2,35000
3,1800,4,270000
5,2308,5,400000
1,425,2,21000
2,890,2,150000
1,270,1,22000
2,850,2,100000
2,888,2,60000
2,650,2,8000
1,275,1,20000
2,700,2,20000
1,375,1,25000
1,424,1,14000
1,400,2,19411
1,450,1,23000
4,2079,5,190000
2,586,1,32000
2,610,2,68000
1,488,2,30000
3,1200,3,110000
2,722,2,44000
1,450,1,20000
1,500,2,25000
2,680,2,40000
2,1150,2,43000
2,830,2,44000
1,550,1,75000
1,470,2,32000
1,410,2,16000
2,710,2,65000
2,750,2,45000
2,800,2,57000
1,435,2,27000
1,500,1,57000
2,800,2,55000
1,540,2,40000
2,1050,2,95000
2,700,2,85000
4,1600,4,300000
2,600,1,80000
1,300,2,13000
1,550,2,28000
3,932,3,89000
1,450,2,28000
2,600,2,13000
1,424,2,24000
2,560,2,38000
1,450,2,32000
4,3000,5,350000
1,600,2,40000
3,1400,3,150000
2,630,2,45000
3,1400,3,170000
1,320,1,30000
2,1000,2,210000
3,1150,3,75000
2,751,2,47000
2,570,2,14000
2,696,2,55000
4,1600,4,120000
3,2500,3,300000
3,1150,3,70000
3,1500,4,150000
3,950,3,62000
2,750,2,42000
2,715,2,130000
3,1337,3,170000
3,737,3,20000
2,750,2,41000
2,760,2,65000
2,750,2,50000
2,650,2,85000
2,1000,2,50000
1,570,1,30000
2,900,2,120000
2,760,2,60000
3,1500,4,110000
3,1150,3,84500
3,1100,3,80000
3,1000,3,50000
2,720,2,40000
1,365,1,34000
4,2000,4,220000
1,400,1,25000
3,1330,4,150000
3,850,3,85000
4,2000,5,180000
2,700,2,40000
2,900,2,50000
2,650,2,38000
4,2600,4,310000
2,680,2,50000
3,950,3,65000
4,1783,3,210000
3,1330,3,150000
1,565,2,32000
1,450,1,26000
2,710,2,60000
3,1514,4,190000
3,1080,3,100000
2,700,2,35000
3,890,2,68000
3,1250,3,150000
1,300,1,18000
2,720,2,55000
3,825,3,65000
2,500,2,80000
2,750,2,53000
2,750,2,80000
1,360,1,18000
4,1545,5,250000
1,400,1,17500
3,750,2,43000
1,432,2,13500
2,780,2,18000
2,695,1,75000
1,375,1,18000
3,1095,3,160000
1,475,2,32000
2,790,2,55000
2,661,2,47000
2,700,2,35000
1,420,1,15000
2,750,2,50000
2,950,3,25500
5,1880,5,350000
3,1350,3,55000
1,330,1,25000
2,750,2,50000
2,925,3,65000
3,1150,3,50000
3,1105,3,65000
3,1050,3,160000
1,410,1,25000
1,460,2,32000
1,600,1,21000
1,570,2,20000
2,720,2,55000
1,500,2,32000
4,1460,4,150000
1,415,2,30000
3,1400,3,150000
1,270,1,27000
2,585,2,47000
4,1755,4,150000
1,550,2,27000
3,1300,4,160000
2,1200,2,100000
2,600,2,45002
2,700,2,48000
1,385,1,18000
1,500,1,7500
2,850,2,50000
3,900,2,55000
1,400,1,26000
2,600,2,17000
2,750,2,40000
2,628,2,43000
3,1330,4,140000
3,1064,3,140000
3,1200,3,120000
4,2200,4,400000
2,630,2,21000
2,650,2,40000
2,845,2,40000
3,1915,3,230000
2,900,2,20000
2,807,2,60000
2,1100,2,35000
3,1600,5,300000
2,790,2,6500
1,380,1,15000
2,650,2,38000
2,800,2,35000
2,830,2,32000
1,410,1,16000
1,428,2,33000
1,550,1,8500
2,630,2,60000
1,550,2,20000
1,450,2,38000
2,750,2,100000
2,800,2,65000
3,1050,3,80000
2,850,2,85000
4,2500,4,600000
3,2000,3,150000
3,1330,4,130000
3,950,3,55000
1,435,2,23000
3,1300,4,95000
2,650,2,40000
3,1550,3,180000
1,380,1,25000
4,1454,4,140000
2,860,2,55000
2,680,2,46000
1,433,2,22000
2,710,2,55100
2,700,2,65000
1,550,1,33000
4,2700,5,320000
1,350,1,33000
1,490,1,25000
3,1225,3,300000
3,1286,5,100000
1,425,2,33000
2,550,2,35000
3,1224,3,130000
3,950,3,80000
1,425,2,10000
3,1000,3,92500
2,710,2,57000
3,1300,3,170000
1,433,2,29999
2,650,2,42000
3,1650,4,330000
2,600,1,24000
2,850,2,35000
1,305,1,14000
2,490,2,45000
2,690,2,36000
2,635,2,53500
3,1100,2,80000
1,250,1,7500
3,1200,3,140000
2,750,2,95000
3,1100,3,130000
2,700,2,45000
2,1150,2,110000
3,1379,3,120000
1,500,1,60000
3,1400,3,120000
1,390,1,40000
2,935,2,50000
2,535,2,36000
3,1250,3,150000
4,3700,4,230000
1,350,2,25000
3,1350,4,190000
3,1550,3,61000
3,1100,3,70000
3,950,3,42000
1,400,1,27000
2,700,2,60000
3,850,2,85000
2,900,2,75000
3,1208,3,200000
3,1150,3,170000
3,1600,4,180000
2,700,2,55000
5,3200,5,600000
1,330,1,18000
1,225,1,19000
3,1050,3,150000
1,225,1,18500
1,463,2,35000
4,1900,3,200000
2,1500,4,150000
2,1000,2,70000
1,450,2,35000
2,700,2,45000
1,355,1,30000
3,1325,3,50000
2,950,2,50000
1,600,1,42000
2,905,2,19500
3,1500,3,90000
1,455,1,60000
2,850,2,55000
3,1100,2,40000
1,430,2,40000
2,650,2,36000
2,795,2,45000
2,800,2,100000
1,700,1,42000
1,450,2,45000
2,575,2,40000
2,650,3,50000
1,200,1,11000
2,1200,2,50000
1,656,2,34000
3,1600,3,93000
3,950,3,69999
2,719,2,48000
3,1100,3,55000
4,3064,4,1000000
2,650,2,40000
3,1450,5,130000
2,720,2,75000
2,670,2,23000
3,1350,3,200000
3,925,2,55000
4,1450,4,80000
3,1550,3,220000
1,420,2,40000
2,650,2,35000
2,700,2,33003
5,3400,5,450000
2,935,2,65000
2,980,2,45000
4,2800,4,280000
2,700,3,55000
2,720,2,56000
2,750,2,55000
2,700,2,28000
2,1000,3,150000
5,3000,5,300000
1,413,1,50000
4,1755,4,180000
3,1850,4,190000
2,890,2,8000
3,1200,3,75000
3,1100,3,83000
1,420,2,32000
2,630,2,39000
4,1705,3,150000
3,1300,3,190000
3,1355,3,160000
1,450,2,25000
3,1350,3,90000
2,825,2,95000
1,550,1,30000
1,430,1,18500
1,320,1,18000
3,1100,3,75000
4,1460,4,150000
3,1250,3,100000
2,1000,3,170000
2,710,2,45000
3,1350,3,200000
2,400,1,20000
3,1000,4,85000
3,1500,3,130000
1,500,1,40000
4,2000,4,250000
1,225,1,15000
2,650,2,40000
2,670,2,48000
2,610,1,15000
1,400,2,28000
1,340,1,25000
2,471,2,34000
1,550,2,75000
2,630,1,45000
1,500,2,35000
1,400,1,32000
2,1000,2,17000
4,1528,4,230000
2,650,2,35000
1,500,1,8500
3,850,2,80000
1,550,1,55000
1,430,2,25000
3,1030,3,40000
1,250,1,15500
1,500,2,45000
4,1750,4,180000
2,985,2,51000
3,1050,3,60000
2,700,2,36000
3,1200,3,180000
3,1000,3,75000
2,550,2,8000
3,806,2,50000
3,1400,3,100000
1,470,2,16500
1,475,1,4500
2,583,2,34000
2,475,2,32000
2,900,2,50000
1,500,1,24000
2,806,3,62000
1,400,1,100000
1,650,2,21000
1,550,2,27000
1,390,1,10000
2,994,2,90000
1,520,2,8000
1,575,1,75000
3,2750,3,230000
1,470,2,15000
4,2500,4,260000
3,1100,3,62000
1,480,2,43500
2,750,2,62000
4,2424,5,400000
2,724,2,77500
1,600,1,30000
3,1076,2,110000
1,800,2,20000
3,1300,3,150000
1,500,2,55000
2,700,2,70000
2,700,2,65000
3,2170,4,310000
1,225,2,18000
1,485,2,48000
1,225,1,10000
1,478,2,32000
3,1200,3,32000
2,620,2,36000
1,280,1,22000
1,385,1,5500
3,704,2,15000
2,710,2,40000
1,525,1,28000
1,390,1,11000
2,755,2,40000
2,700,2,45000
2,1000,3,180000
3,2000,3,160000
2,650,2,36000
1,470,1,59000
1,450,2,40000
2,625,2,40000
2,700,2,72000
2,600,2,40000
2,600,1,16000
2,1100,4,50000
1,370,1,24000
2,950,2,65000
2,825,2,33000
2,650,2,27000
2,750,2,52000
3,900,3,95000
2,805,3,68000
2,742,2,48000
2,550,2,32000
2,745,2,42000
2,800,2,60000
3,1265,3,51500
3,1800,3,130000
1,325,1,25000
2,902,2,85000
3,1233,4,98000
2,750,2,100000
2,600,2,65000
1,500,1,23000
2,600,2,40000
3,950,3,45000
1,680,4,40000
1,400,1,23500
4,2120,5,250000
3,1350,4,110000
3,1600,3,150000
1,430,1,22000
4,1937,5,150000
2,700,3,75000
2,780,2,41000
4,1300,4,150000
3,1350,3,150000
2,750,2,53000
4,1400,3,140000
4,2000,5,200000
2,850,2,65000
1,500,1,48000
2,900,2,75000
2,750,2,39000
3,1100,2,70000
4,5000,4,1200000
1,596,1,25000
2,680,2,45000
4,1950,4,190000
3,1350,3,140000
1,510,1,35000
1,500,1,60000
1,375,1,15000
1,500,1,39000
3,1500,3,190000
3,1000,3,84000
3,1260,3,68000
1,475,2,26000
2,620,2,42000
1,490,1,35000
2,710,2,44000
2,720,2,60000
2,770,2,45000
3,1600,3,250000
1,500,1,65000
1,350,1,20000
2,1000,2,75000
5,3900,5,500000
3,1000,3,140000
2,660,2,45000
1,600,1,9400
2,900,2,100000
2,750,2,65000
2,1000,2,230000
3,1500,3,180000
2,1200,3,180000
3,1200,3,120000
1,280,1,20000
2,1000,2,130000
3,1800,4,400000
2,694,2,75000
5,3250,5,350000
3,1740,4,100000
2,750,2,55000
3,1000,3,70000
1,500,1,30000
4,2000,5,330000
1,550,2,75000
1,270,1,14000
3,960,3,130000
3,1200,2,40000
2,710,2,46000
1,472,2,27000
2,1000,2,95000
2,800,2,94000
2,650,2,40000
3,1300,3,150000
2,600,2,30000
2,750,2,95000
2,890,2,130000
1,421,1,14000
3,1300,3,100000
1,350,1,35000
2,800,2,57000
2,650,2,45000
1,650,2,11000
2,650,2,50000
2,680,2,35000
2,800,2,100000
3,1250,3,130000
1,475,1,52000
2,600,2,28000
1,450,1,18000
1,400,1,30000
3,985,3,45000
3,1450,3,130000
2,650,2,58000
2,805,3,65000
1,650,1,24000
1,515,1,54500
3,1000,2,70000
3,1050,3,67000
2,777,2,75000
2,831,2,45000
3,1233,4,98000
1,250,1,16000
2,900,2,95000
2,753,2,40000
3,1800,3,300000
2,670,2,80000
4,2800,4,380000
3,1197,3,160000
2,880,2,44000
2,1000,2,200000
2,935,2,65000
2,751,2,50000
1,200,1,6000
4,2500,6,280000
1,500,1,46000
1,430,1,35000
3,1088,3,75000
1,330,1,20000
1,400,1,25000
3,1200,3,110000
2,700,2,29500
3,1000,2,53000
2,750,2,85000
1,450,2,26000
1,640,2,33000
3,1190,3,180000
3,850,3,70000
1,330,1,17000
2,685,2,37000
1,400,2,27000
1,500,2,35500
1,550,1,24000
4,2500,4,250000
3,1100,3,180000
2,650,2,18500
3,1400,3,200000
2,1050,2,70000
3,850,3,55000
1,550,1,24000
2,750,2,55000
3,1350,3,150000
2,800,2,50000
4,2650,3,300000
3,975,2,90100
3,1325,4,57000
2,700,2,40000
2,700,2,80000
2,850,2,95000
1,305,1,14000
2,850,2,50000
2,724,2,43000
2,650,2,55000
2,650,2,35000
2,700,2,33000
2,785,2,47000
3,1250,3,75000
4,1016,3,45000
1,380,2,36000
1,475,1,40000
1,444,2,40000
2,640,2,32000
1,320,1,17000
3,1100,4,77000
4,1500,3,290000
2,650,2,35000
1,508,2,40000
4,2500,4,250000
2,720,2,47000
2,750,2,50000
1,430,1,32000
2,623,2,8000
3,1358,4,240000
3,1000,3,85000
3,1100,3,65000
3,1255,3,75000
1,450,2,26500
2,650,2,45000
2,955,2,95000
2,700,2,38000
3,1915,4,260000
4,2308,6,300000
3,1250,3,180000
2,625,2,40000
4,2200,4,300000
2,870,2,85000
3,1300,3,110000
2,750,2,40000
2,750,2,45000
2,550,2,52000
4,1250,4,90000
3,1400,3,140000
3,1330,4,150000
3,1000,3,65000
2,770,2,50000
2,800,2,54000
4,1691,6,180000
1,550,2,60000
2,800,2,65000
2,615,2,35000
2,663,2,43000
1,400,1,20000
2,625,2,57000
4,1432,3,130000
1,425,1,25000
2,649,2,56000
2,905,2,55000
2,882,2,18000
3,1200,3,100000
2,736,2,76000
3,1710,3,270000
1,225,1,45000
2,720,2,39000
1,555,1,12500
1,415,1,35000
2,649,2,55000
3,1000,2,90000
2,1300,2,250000
2,1065,2,25000
2,854,2,90000
3,1200,3,120000
1,500,1,55000
3,906,3,70000
3,1800,4,300000
2,500,1,25000
1,450,1,35000
3,1130,3,120000
1,495,2,27000
1,407,2,25000
3,1092,3,150000
2,610,2,32000
1,500,2,40000
2,750,2,52000
2,750,2,80000
2,850,2,55000
1,350,1,30000
1,300,1,20000
1,695,2,85000
1,415,2,40000
1,450,2,21000
3,850,3,43000
2,805,3,58000
2,700,2,130000
3,1800,4,260000
2,669,2,46000
1,325,1,6500
1,600,1,21000
2,725,2,46000
2,750,2,60000
3,1050,3,65000
2,600,2,15000
2,1000,2,130000
3,1110,3,90000
2,650,2,62000
3,1100,3,160000
3,1100,3,80000
3,1110,3,80000
3,999,2,55000
3,1000,3,100000
4,2200,5,200000
3,1256,3,100000
2,750,2,79500
3,889,2,84500
2,750,2,100000
1,385,1,13000
4,1454,4,100000
1,480,2,35000
2,660,2,72000
3,1600,3,180000
1,434,2,26000
3,1121,3,72000
1,620,2,8000
3,937,2,130000
1,470,2,52000
1,410,1,13000
3,850,3,45000
3,1500,4,180000
2,888,2,63000
1,380,2,7500
1,360,1,30000
1,565,2,28500
3,2000,4,100000
4,1358,4,270000
2,661,2,38000
1,450,2,26000
3,1300,3,70000
2,600,2,41000
2,900,3,27000
1,379,1,53000
2,805,3,65000
1,650,2,85000
1,500,2,6000
1,480,2,43000
2,550,2,65000
3,1600,3,280000
3,1400,2,98000
3,1500,2,330000
3,1050,3,65000
3,920,3,85000
1,450,1,40000
1,440,1,23000
3,932,3,55000
1,270,2,15000
1,379,2,52000
2,582,2,13000
2,800,2,95000
1,444,2,25000
1,428,1,21000
5,1880,4,360000
2,888,2,60000
1,490,1,19000
3,937,4,140000
2,710,2,30000
4,1617,5,130000
2,836,2,80000
2,1200,3,85000
2,950,2,65000
1,460,2,33000
1,585,2,36000
2,550,2,22000
1,375,1,17000
2,700,2,55000
2,750,2,66000
4,2000,4,140000
4,2046,5,260000
2,750,2,32000
2,730,2,45000
2,750,2,50000
1,229,1,18500
2,910,2,51000
4,1648,5,140000
3,1100,3,80000
1,560,2,30000
2,850,2,85000
1,450,1,15000
2,820,2,50000
2,750,2,60000
1,410,1,23000
1,490,2,14500
2,700,2,40000
5,3000,5,650000
1,560,1,80000
2,650,2,55000
1,520,1,12000
2,850,2,45000
2,777,2,90000
2,771,2,43000
1,400,1,22000
2,600,2,20000
1,390,2,26000
4,3200,4,850000
1,450,2,34999
1,500,2,35000
1,410,1,50000
1,160,1,16000
2,750,2,55000
1,585,2,39000
3,1300,3,100000
1,350,1,25000
1,490,2,25000
2,650,2,49500
1,225,1,21000
2,850,2,110000
1,385,1,21000
2,800,2,46700
4,2500,4,400000
4,1526,5,280000
1,300,1,18000
3,1800,3,80000
2,800,2,88000
3,890,2,90000
2,700,2,38000
1,465,1,20000
2,900,2,140000
3,1073,3,78000
1,450,1,21000
3,1350,3,95000
2,800,2,90000
2,600,2,34000
2,650,2,55000
2,550,2,52000
1,840,2,74999
3,1121,2,75000
2,650,2,45000
1,575,1,22000
1,475,1,32000
2,830,2,34000
3,1337,3,170000
1,420,2,23000
1,310,1,20000
3,1800,4,350000
3,967,3,90000
1,505,1,55000
1,275,1,15000
2,640,2,22000
3,1500,3,60000
2,850,2,49000
2,900,2,34000
1,430,2,24000
4,1649,3,270000
3,1100,3,69000
3,1200,3,120000
2,680,2,32000
2,600,2,24000
4,1560,4,100000
5,4500,5,600000
2,771,2,45000
2,800,2,80000
2,800,2,37000
3,1425,4,210000
4,1750,4,190000
1,475,2,25000
4,2000,5,210000
3,1375,3,200000
5,2800,5,310000
1,650,1,26000
2,600,2,27000
1,649,1,26000
2,950,2,60000
1,225,1,12000
2,1000,2,180000
1,330,1,30000
3,1200,3,100000
3,1270,3,140000
3,920,3,70000
2,630,2,20000
2,670,2,22000
1,450,1,32000
1,265,1,20000
2,600,2,50000
2,670,2,29000
2,650,2,45000
1,422,2,6500
2,955,2,55000
3,1100,3,69999
1,300,1,18500
2,900,2,50000
2,785,2,45000
3,1350,3,85000
2,900,2,85000
1,400,1,25000
2,800,3,75000
2,895,2,190000
1,625,1,20000
2,720,2,30000
2,750,2,75000
3,1663,2,350000
2,660,2,70000
2,700,2,32000
1,377,2,22000
2,650,2,35000
2,650,2,47000
4,2080,5,400000
2,700,2,31000
1,430,1,60000
2,650,2,58000
3,890,2,85000
2,965,2,45000
1,630,2,7500
4,2100,4,250000
3,1100,3,150000
2,730,2,80000
3,1380,3,75000
3,1100,3,66000
1,450,1,45000
1,500,1,22000
3,1100,3,65000
3,868,3,55000
2,750,2,55000
1,540,2,36000
4,2100,5,230000
1,450,2,22000
3,1600,4,170000
1,560,2,34000
1,500,1,45000
1,305,1,14000
3,970,2,75000
1,480,1,7000
2,720,2,55000
2,950,2,55000
4,3200,4,700000
3,1450,3,140000
2,774,2,42000
1,450,1,27000
3,1000,3,60000
1,340,1,17000
1,430,2,30000
2,722,2,45000
3,1152,2,90000
1,641,1,25000
2,810,2,70000
2,800,2,90000
2,875,2,110000
2,700,2,20000
1,420,1,35000
3,1400,3,80000
2,758,2,54500
4,2880,5,350000
1,480,2,45000
1,550,2,38000
2,900,2,90000
1,400,1,22000
2,760,2,70000
4,2800,5,380000
1,400,1,50000
4,1962,5,680000
3,1100,3,140000
2,800,2,40000
2,590,2,32000
2,600,2,78000
4,2500,6,280000
2,670,2,45000
2,960,2,65000
2,1500,3,65000
1,500,1,35000
3,1120,2,90000
4,2729,5,250000
3,3354,3,70000
2,800,2,10500
2,1000,2,13000
2,1040,2,17000
3,1403,3,21000
2,600,1,10000
4,2608,3,61500
2,850,2,13000
1,400,1,7500
2,1000,2,17000
3,1350,3,25000
2,800,2,10500
1,350,1,8000
1,900,1,9500
3,2000,3,50000
2,700,2,13000
1,600,1,13500
2,700,1,13000
1,600,1,15000
2,1400,3,15000
1,600,1,7000
2,770,2,25000
2,900,2,17000
1,500,1,7500
2,1100,2,15000
1,500,1,7500
3,1260,3,25000
3,1750,3,54000
1,600,1,14500
1,450,1,4500
2,800,1,10500
1,400,1,5500
2,600,2,16000
1,400,1,7000
2,900,2,12500
2,1200,1,10000
2,1045,2,18000
3,1021,3,28000
3,1200,2,12000
2,1000,1,13000
2,1280,2,50000
1,450,1,7000
2,450,2,30000
1,600,2,10000
2,800,2,15000
1,500,1,7500
3,1680,3,45000
3,2000,3,65000
1,500,1,12000
1,500,1,7000
1,800,1,9000
2,1100,2,23000
2,1200,2,30000
1,500,1,8000
2,1155,2,16000
1,440,1,7500
2,1040,2,20000
4,2900,4,110000
3,1200,2,30000
3,1600,3,20000
4,3150,4,84000
2,1000,2,17000
2,1200,2,15000
1,400,1,6000
2,950,3,16000
2,530,1,9500
1,300,1,8000
2,1000,2,15000
1,450,1,12000
1,600,1,10000
2,1100,2,16000
1,400,1,11000
2,700,2,11000
2,1105,2,20000
3,1430,2,24000
2,850,2,14500
1,650,1,4000
2,1200,2,12000
2,600,2,8500
1,400,1,9000
4,2800,4,180000
2,1100,2,10500
2,900,2,12000
3,1300,2,32000
2,1000,3,15000
3,1000,3,21000
2,900,2,12000
1,800,1,7000
2,750,2,15000
2,1100,2,11400
2,1200,2,15000
2,1000,2,19000
2,1000,2,27000
3,2000,3,48000
1,550,1,7000
2,1130,2,15000
2,600,2,10000
1,100,1,7000
2,500,1,9000
1,600,1,8000
2,1200,2,35000
2,850,2,16000
1,600,1,4500
2,600,1,16000
2,700,1,10000
1,400,1,8000
1,400,1,6000
2,1000,2,13000
2,1200,2,10000
3,1603,3,55000
3,1200,3,15000
1,420,1,12000
2,1200,2,9000
3,1771,3,36000
3,1200,3,37000
2,700,1,6000
1,610,1,17000
1,800,1,8000
1,550,1,7500
2,750,1,9500
2,700,2,13500
1,600,1,9000
1,360,1,7000
2,800,2,12000
4,3700,5,100000
2,1200,2,12000
1,480,1,8500
2,1000,2,18000
1,800,1,11000
3,900,2,18000
3,1450,3,17000
1,400,1,6500
2,700,2,11500
2,1000,2,22000
1,450,1,13000
3,773,2,20000
2,1200,2,10000
2,1000,2,15000
1,150,1,8000
2,865,2,12000
1,600,1,20000
2,800,1,20000
1,200,1,8000
1,600,2,11000
3,1840,2,40000
2,800,2,10000
3,1600,2,30000
2,600,1,8000
2,1100,2,15000
2,950,2,12000
2,905,2,12000
3,1200,2,20000
3,1000,1,13000
2,1080,2,17500
1,600,1,8000
2,1000,2,8500
1,600,1,7500
2,1100,2,22000
1,300,1,6000
2,1200,1,32900
2,800,1,15000
2,535,1,10000
2,800,2,10000
3,1159,2,21000
4,2650,5,63000
1,50,1,6900
2,700,1,14000
1,550,1,14500
1,700,1,6500
2,600,2,13000
2,600,1,8000
2,1000,1,18000
2,1100,3,20000
1,750,1,14000
4,2900,4,50000
2,990,2,14500
2,1300,2,15000
1,550,1,11500
3,1360,2,15000
2,600,2,12000
2,1200,2,18000
2,1050,2,15000
2,840,2,12000
2,1050,2,25000
3,3250,4,150000
1,500,1,10000
2,900,1,8000
2,1300,2,40000
2,600,1,12000
2,900,1,16000
2,1100,2,23000
2,1100,2,25000
1,600,1,7000
2,1250,2,17500
1,415,1,10000
3,1200,3,39000
3,1200,2,22000
2,1000,2,18000
2,1300,2,23000
2,1150,2,20000
1,450,1,10000
1,600,1,15000
2,1000,2,17000
3,1900,3,56000
3,1700,3,43000
2,1100,2,25000
1,500,1,9000
3,1757,3,31000
1,300,1,6000
1,500,1,5000
2,1200,2,16000
1,800,1,20000
3,1281,3,28000
2,1450,2,18000
1,600,1,12000
2,980,2,20000
3,1500,3,25000
3,1800,3,35000
1,400,1,7000
1,600,1,7500
2,1100,2,14000
2,1100,2,20000
4,3500,5,380000
2,1100,2,21000
2,700,2,15000
1,600,1,5500
2,700,2,10000
1,250,1,7000
2,1200,1,11500
3,1450,3,22000
2,1221,2,19000
2,1250,2,15000
2,700,1,10500
2,700,2,12000
1,200,1,7000
2,1200,2,15000
2,600,2,23000
1,600,1,6500
3,1800,3,29000
2,900,2,12000
2,1000,2,10000
2,500,2,12500
3,1800,3,32000
1,416,1,8000
2,600,1,10500
1,400,1,6000
3,1200,2,16000
3,1600,3,45000
1,500,1,6000
1,500,1,5000
3,1800,3,14000
2,900,2,20000
1,550,1,11000
1,600,1,5500
3,1800,3,55000
2,976,1,15000
1,350,1,8500
2,1100,2,15000
2,500,1,12000
1,600,1,7500
2,1100,2,16000
2,1150,2,20000
2,850,2,14500
1,600,1,6000
2,900,2,14000
1,300,1,7000
2,1130,2,27500
2,1200,2,18000
2,1000,2,10000
3,1700,3,31000
2,1100,2,15000
1,300,1,11000
1,600,1,4500
1,1000,2,10000
2,1200,2,10000
1,500,1,9000
2,1050,2,16000
1,350,1,5000
2,1000,2,10000
1,600,1,15000
1,150,1,3500
2,1400,2,16000
2,1387,3,17000
3,1350,2,30000
2,1020,2,12000
1,600,1,9000
1,400,1,6000
1,550,1,20000
3,1400,2,30000
2,1050,2,20000
2,800,2,15000
2,1100,2,20000
3,1500,2,25000
1,800,1,9000
2,800,1,17000
2,1200,2,16500
1,450,1,7000
3,1425,2,30000
2,720,2,8500
1,700,1,8000
2,1100,2,20000
3,1645,3,30000
3,3276,3,120000
1,500,1,7000
2,600,2,10000
1,600,1,5000
3,1893,4,30000
1,450,1,6500
1,650,1,10000
1,400,1,18000
2,1296,2,30000
2,1000,2,20000
1,600,1,16500
1,600,1,15000
4,4800,4,130000
2,1000,1,15000
1,800,1,70000
1,455,1,22000
2,575,2,9750
2,1066,2,23000
2,850,1,12000
3,1550,3,60000
2,1000,2,11000
2,800,1,12000
1,450,1,11000
2,1350,2,19000
2,1350,2,10000
1,600,1,7500
3,2150,3,55000
2,1080,2,11000
3,1450,3,50000
2,700,2,13500
2,1200,2,16500
3,2110,3,120000
1,500,1,7000
2,850,1,10000
1,400,1,7000
1,800,1,18000
1,600,1,11000
1,450,1,9000
3,2080,3,60000
3,2500,3,3500000
2,650,1,12500
2,1100,2,16000
2,1025,2,30000
2,1100,2,17000
1,350,1,8000
2,1050,2,16500
2,600,1,13000
2,800,2,12000
2,700,2,17000
3,750,2,15000
3,1600,3,35000
2,1180,2,13000
2,1400,2,12000
1,750,1,10000
2,580,1,9000
1,350,1,6000
2,1100,2,8900
3,1900,3,40000
2,1105,2,24000
2,1080,2,18500
2,1281,2,16000
1,600,1,8000
2,850,2,15000
2,1200,2,27000
2,900,2,17000
3,1250,3,50000
2,800,2,14000
1,500,1,5000
2,600,2,8000
3,904,2,20000
2,750,2,15000
3,1252,2,20000
2,1200,2,11000
2,440,2,8500
3,1600,3,22500
2,1200,2,15000
2,950,2,11000
2,800,2,11000
2,1000,1,9000
3,2770,3,120000
2,800,1,15000
1,400,1,7000
1,144,1,5000
1,600,1,18000
3,2200,3,45000
2,1005,3,21000
2,1200,2,10000
2,1180,2,15000
2,900,2,11000
1,500,1,7500
3,1100,2,22000
2,1100,2,17000
1,400,1,6000
2,1250,2,20000
2,600,2,18000
2,780,1,13000
2,1274,2,38000
2,1200,2,36000
1,400,1,7500
1,500,1,9000
3,1100,3,18000
1,700,1,6500
2,600,1,6000
2,1200,2,18000
2,900,2,12000
3,1850,3,75000
2,900,2,25000
2,1050,2,20000
2,1200,2,8000
2,600,2,11000
3,1480,2,65000
1,400,1,6000
4,4500,4,160000
1,600,1,11000
2,1100,2,20000
1,600,1,5500
3,1100,3,12000
3,1320,2,21500
2,500,1,9300
1,600,1,6000
2,650,1,13000
1,300,1,7000
2,1000,2,14000
2,1200,2,14000
1,650,1,6000
1,600,1,12500
1,400,1,7000
2,1000,2,13000
2,1100,2,20000
2,1300,2,24000
1,600,1,6000
2,800,2,15000
2,1115,2,20000
2,1060,2,17000
3,1278,2,35000
3,1500,3,22000
2,1000,2,18000
4,4105,4,120000
2,800,2,10000
2,500,1,8000
2,700,1,9500
2,1055,2,9000
3,1325,2,31000
2,950,2,14000
1,450,1,7000
3,1200,2,24000
1,400,1,8000
1,400,1,22000
2,600,2,12000
1,500,1,5000
1,400,1,6000
2,1100,2,30000
2,650,2,12000
2,600,2,15000
2,800,2,14000
1,460,1,22000
2,1380,2,40000
1,500,1,12000
2,825,2,15000
2,700,2,9500
2,1110,2,15000
2,800,2,15000
2,810,1,10000
4,1150,3,15000
1,700,1,7000
1,300,1,10000
3,1400,3,26969
1,450,1,8000
3,1603,3,52000
3,1500,2,30000
1,200,1,6500
3,1500,3,22000
1,600,1,10000
1,150,1,6000
2,750,2,13000
2,1300,2,18000
4,1900,3,30000
2,300,2,10000
1,700,2,15000
2,1325,2,70000
2,894,2,19000
2,1100,2,20000
2,600,2,9000
1,500,1,5000
2,1000,2,27500
2,850,2,16000
1,400,1,12000
3,2400,4,75000
2,1200,2,20000
1,500,1,7000
1,550,1,11000
1,450,1,13500
1,430,1,17000
3,2430,3,55000
1,500,2,13000
2,600,1,11000
2,805,2,16000
2,950,2,23500
2,1000,2,8500
3,1350,3,30000
3,1500,2,22000
2,1000,2,15000
3,800,3,15000
2,1000,1,10000
2,800,2,12500
3,1550,3,24000
2,1000,2,32000
2,800,2,19000
1,700,1,9000
2,500,2,5500
1,500,1,15000
2,900,2,14000
3,1200,2,27000
2,1000,2,14000
3,1680,3,43000
2,1100,2,30000
2,1200,1,50000
1,900,2,15000
3,1600,3,25000
2,1475,2,25500
1,300,1,6000
1,400,1,5000
1,550,1,10000
1,400,1,15000
1,500,1,5000
3,1200,3,17000
2,1300,2,14000
3,2100,3,35000
2,800,1,35000
2,800,1,16000
4,4341,4,130000
2,1300,2,35000
1,400,1,10000
2,800,2,12000
2,1000,1,10500
1,400,1,8000
2,1100,2,15000
2,1200,2,25000
2,600,2,9000
2,1700,2,30000
2,846,2,22000
2,1100,2,14000
2,700,1,12000
2,110,2,10000
3,900,3,25000
1,420,1,25000
2,800,2,16000
3,1500,3,60000
1,900,1,7000
3,1600,3,21000
4,5700,4,250000
1,625,1,19000
4,1760,3,42500
2,600,1,11000
2,1200,2,18000
1,300,1,4300
2,900,1,9000
1,450,1,7000
2,1050,2,15000
1,580,1,4800
2,600,2,15000
1,550,1,18000
2,1115,2,22500
1,300,1,9500
2,1200,2,12000
1,900,1,9000
3,1400,3,25000
1,400,1,9000
2,900,1,11000
1,500,1,12500
3,1360,2,21000
3,1110,2,17681
3,2400,3,28000
3,1700,3,30000
2,980,2,25000
2,600,2,13000
2,200,2,8000
3,1300,2,35000
1,750,1,8000
2,850,2,10000
1,600,1,11500
4,3100,4,140000
2,660,1,6000
2,600,1,11000
1,250,1,4000
2,1200,2,14000
2,630,2,24000
2,840,1,11000
2,500,1,10000
3,1680,3,62000
2,775,1,12000
2,1000,2,18000
2,900,2,17500
1,500,1,6500
1,550,1,16000
3,1250,3,30000
2,850,2,28000
1,150,1,6500
1,445,1,9000
2,500,2,8500
2,750,2,20000
3,2000,2,26000
1,500,1,8000
1,730,1,8500
2,750,2,12500
1,600,1,8000
3,2710,3,52000
2,1190,2,18000
1,435,1,15000
2,750,2,12000
3,1800,3,100000
1,1200,1,6000
2,600,1,12000
1,450,1,6500
3,1100,3,13500
1,700,1,10000
2,650,2,8500
3,1768,3,32000
3,1600,3,42000
1,400,1,7500
2,1200,2,16000
1,500,1,5000
2,700,2,14000
4,2500,4,60000
1,500,1,8500
1,500,1,10000
1,500,1,8500
2,1280,2,15000
2,200,1,9500
2,750,2,25000
2,900,2,14000
3,1200,2,20000
1,800,1,10000
2,500,1,10000
2,1000,2,13000
2,850,2,13000
2,900,2,24000
1,600,1,10000
1,600,1,8000
1,600,1,6000
3,1250,2,21000
3,2000,3,25000
2,532,1,8500
2,1000,2,13000
1,150,1,5000
1,500,1,7500
1,600,1,13900
2,1100,2,15000
3,1500,3,30000
2,500,1,13000
1,600,1,7700
2,1200,1,25000
2,1100,2,17000
3,1550,3,39000
2,1050,2,18000
1,500,1,15000
2,1500,2,28000
2,1150,2,17500
4,2000,3,75000
2,110,1,14000
1,500,1,9000
3,1465,3,20000
2,940,2,12000
2,850,1,12000
2,990,2,24000
2,750,2,12000
1,500,1,10000
3,1430,2,24000
1,600,1,9000
2,900,1,12000
2,1100,2,11000
2,900,1,15000
1,600,1,5500
2,1000,2,18000
2,1150,2,42000
2,1250,2,18000
2,1000,2,15000
1,500,1,6000
3,2000,3,30000
2,850,2,12000
2,990,2,10000
2,850,1,9500
2,1000,2,16000
2,650,2,9500
1,400,1,6500
2,1000,2,13500
2,1350,2,25000
2,600,2,9500
4,4000,5,190000
2,950,2,90000
2,777,2,24000
3,1200,2,15000
2,1600,3,22000
3,1500,3,34000
2,570,2,12500
3,1800,3,28000
2,1100,1,12000
1,400,1,8000
1,750,1,7500
2,1400,2,34000
3,1789,3,32000
2,650,1,14500
2,1200,2,16000
1,460,1,7500
2,500,1,7500
2,1080,2,19500
3,2000,2,75000
2,1100,2,16500
2,1025,2,14500
2,650,2,16000
2,800,1,8000
3,2800,3,280000
2,1100,2,21000
3,1300,3,30000
3,2000,3,65000
3,2500,3,180000
2,600,2,10000
2,630,2,12000
2,550,2,9000
2,1025,2,22000
1,500,1,10000
3,1286,3,48000
1,800,1,11000
2,900,2,11000
3,1618,3,40000
1,500,1,10000
1,450,1,6500
2,850,2,18000
3,1374,2,22000
3,1600,3,28000
1,400,1,6200
3,1500,3,110000
2,800,1,5500
3,1580,3,50000
2,700,1,12000
2,700,1,11500
1,550,1,16000
1,450,1,11000
4,4550,5,150000
1,400,1,9000
1,650,1,6000
2,700,2,12000
2,1333,2,16000
3,1500,2,35000
1,425,1,9000
1,300,1,8000
2,650,2,13500
2,800,2,14000
2,1200,2,14000
1,500,1,4700
2,1000,2,17000
2,600,2,11000
1,600,1,12000
3,1875,2,30000
2,1000,2,12000
3,1300,2,21000
1,350,1,6000
2,900,2,18500
1,200,1,4750
2,700,2,15000
2,1000,2,17600
3,1700,3,35000
2,600,1,8000
1,650,1,7000
2,750,1,15000
3,1750,3,30000
3,1950,3,100000
2,1065,2,18000
2,600,1,8000
2,600,1,9000
1,500,1,6000
2,600,1,7500
1,600,1,15000
2,900,1,10000
2,500,2,14000
1,600,1,7000
3,1710,3,60000
1,600,1,6000
3,1100,2,17000
2,920,2,15000
1,750,1,8200
1,300,1,8500
3,1660,2,20000
1,400,1,8000
2,300,1,20000
1,300,1,11500
3,2000,2,30000
3,1200,3,22000
1,300,1,6500
1,700,1,6500
2,850,3,16000
1,700,1,24000
1,455,1,15000
2,1000,2,18000
1,600,1,8500
1,250,1,4000
1,400,1,5000
2,1200,2,22000
1,500,1,12000
1,350,1,9000
2,1100,2,7500
2,1650,3,30000
4,1000,2,14000
2,500,1,9250
1,700,2,13000
2,1200,2,12000
1,600,1,12000
2,925,2,10000
3,2400,3,60000
3,1500,3,35000
2,600,2,12000
1,435,1,14000
1,650,1,8000
2,700,2,11000
2,890,2,20000
1,600,1,12500
2,1250,2,35000
3,1350,2,26000
3,2600,4,85000
1,440,1,14000
2,1150,2,22000
1,450,1,7000
2,1150,2,16000
2,600,1,11000
2,980,2,20000
3,1850,3,60000
2,625,2,5000
1,100,2,4000
2,1200,1,15000
3,1200,2,18000
2,1080,1,12000
1,700,1,8500
2,800,2,11000
3,1880,2,42000
2,1305,2,25000
1,600,1,8500
2,950,2,12500
2,1188,2,18000
1,500,1,6000
2,875,2,9000
3,2100,3,54000
3,1200,2,22000
3,2390,3,120000
1,600,1,7000
2,1150,2,28000
3,1788,3,55000
2,1250,2,19000
1,600,1,11000
3,1600,2,18000
3,1520,4,70000
1,550,1,12000
2,1100,2,18000
2,1100,2,30000
2,1100,2,10000
1,400,1,6000
1,300,1,4500
1,500,1,8000
2,1100,2,20000
2,1000,2,17500
2,850,2,22000
2,1020,2,17000
2,1250,2,22000
3,1400,3,24000
1,600,1,12000
1,200,1,4500
1,300,1,5000
1,400,1,6000
1,450,1,11000
2,1180,2,20000
3,1460,3,35000
3,1464,3,24000
2,700,2,10000
2,680,2,16000
3,2750,4,100000
2,800,1,14000
2,600,1,7500
3,1200,3,16000
4,3200,3,65000
2,1800,2,18000
1,500,1,8000
2,1200,2,11000
1,750,1,8000
1,700,2,13000
2,1000,2,30000
2,800,2,14000
1,200,1,20000
3,1800,3,80000
1,400,1,9500
3,600,3,14000
3,1550,3,65000
2,650,2,18500
2,850,2,40000
4,2000,4,90000
1,180,1,3500
3,140,2,25000
1,450,1,9000
3,2500,3,90000
1,720,1,22000
2,400,1,12000
2,450,1,11000
1,250,1,20000
4,3000,5,260000
2,550,2,11000
2,450,1,10000
3,2500,3,60000
4,800,4,350000
2,100,2,16000
1,400,1,16000
2,750,2,12000
1,400,1,8000
3,1100,2,14000
1,450,1,14900
2,850,2,15000
3,600,1,10000
2,750,2,40000
1,500,1,9000
1,350,1,7000
2,623,1,13500
3,2400,3,95000
1,75,1,20000
2,450,1,7500
2,445,2,9000
3,300,3,80000
3,1670,3,50000
1,550,1,13000
1,350,1,12000
2,650,2,16000
2,70,1,13000
2,100,2,29000
3,800,1,18000
2,60,1,8500
3,2000,2,27000
2,600,2,18000
1,450,1,11500
2,2200,3,80000
2,600,2,15500
4,2000,3,55000
2,800,2,20000
3,170,2,35000
2,150,2,38000
2,650,2,16000
3,1250,3,50000
1,600,2,9500
4,2100,4,90000
1,450,1,10000
2,100,2,25000
1,650,1,30000
2,48,2,12000
2,550,2,16500
1,240,1,4500
2,700,2,30000
1,48,1,12000
2,100,2,23000
3,1901,3,70000
1,50,1,5500
3,1300,3,35000
2,145,2,9000
2,800,3,22000
3,1100,4,35000
1,450,1,12000
2,300,1,6000
2,1040,3,22000
1,25,1,5000
2,900,2,20500
2,1100,1,7500
2,380,2,5500
3,450,2,25000
1,550,1,13000
1,180,1,5000
3,1650,2,40000
1,250,1,12500
1,400,1,6000
2,900,2,15500
3,1900,3,75000
3,892,2,36000
1,400,1,13000
3,100,2,45000
2,60,1,2000
2,80,2,28000
2,450,1,9000
1,520,1,12000
1,350,1,13000
2,600,2,11000
3,950,2,35000
2,450,1,10000
1,450,1,20000
2,850,2,25000
1,200,1,8000
4,3000,4,150000
3,1500,3,36000
2,700,2,12000
1,530,1,8500
3,800,2,17000
1,45,1,7500
1,900,1,16000
1,450,1,9000
2,650,1,8000
2,900,2,45000
2,900,2,27000
2,120,2,14000
2,600,2,14000
2,615,2,14000
1,225,1,7500
1,800,1,10000
1,400,1,7000
1,800,2,25000
2,60,1,9000
3,1000,2,22000
3,75,1,10000
3,800,2,11000
1,200,1,12500
3,800,2,15000
2,80,2,35000
2,900,2,35000
2,1125,2,52000
3,900,2,15000
2,1100,2,32000
1,400,1,11500
3,713,3,45000
2,700,1,16000
2,1000,2,20000
1,54,1,7000
3,200,3,85000
1,200,1,15000
2,800,2,22000
2,1000,2,32000
2,500,2,20000
1,300,1,35000
2,900,2,35000
3,240,3,65000
2,650,2,15000
3,950,2,12000
1,500,1,8000
1,500,1,11000
2,450,2,12000
4,2800,4,140000
2,150,1,24000
1,400,1,20000
3,100,2,16000
1,400,1,15000
2,900,2,28500
3,1350,3,30000
1,500,1,16000
3,1700,3,80000
1,400,1,11000
2,110,1,21000
3,1200,2,10500
2,50,2,15000
3,100,2,16000
2,1000,2,45000
1,63,1,6000
3,1800,2,40000
2,1440,2,36000
2,55,2,12000
3,1500,3,45000
2,400,1,20000
3,100,2,10000
2,500,1,5000
2,100,2,8000
2,455,1,13000
2,80,1,15000
2,450,1,7500
1,400,1,6000
4,300,4,100000
2,700,2,12000
2,600,2,10000
2,800,2,10000
2,950,2,12000
2,450,1,15000
1,450,1,10000
2,68,1,12000
2,850,2,14500
2,1000,2,18500
1,600,1,24000
2,65,1,11000
3,1700,3,52000
3,1800,3,70000
2,1000,1,12000
2,900,2,22000
4,2300,4,200000
2,75,2,20000
3,200,3,45000
1,200,1,8000
1,200,1,8000
2,450,1,9500
2,750,2,25000
2,400,1,12000
2,84,2,24000
2,90,2,27000
2,90,2,18000
2,500,2,17000
2,75,2,15000
1,512,1,13000
3,1500,3,70000
1,446,1,14000
3,1100,2,32000
1,125,1,4000
3,1800,3,100000
3,1300,2,20000
3,2000,2,30000
2,1200,2,150000
3,125,2,19500
2,730,2,18000
2,160,2,25000
2,1000,2,18000
1,450,1,10000
2,75,2,12000
3,2000,3,25000
4,2400,3,40000
2,1800,2,30000
3,1800,3,29000
3,2200,3,35000
3,2200,2,21000
3,900,2,31000
2,75,1,8000
2,75,2,15500
3,1800,3,32000
3,160,3,30000
4,2700,4,42000
3,1050,2,20500
3,1800,3,60000
2,2700,2,95000
1,499,1,16000
1,450,1,8500
1,60,1,14000
3,2200,3,140000
2,130,1,8000
3,650,1,12500
2,100,1,14000
2,45,1,6000
2,600,2,10000
3,800,1,15000
3,1500,3,8000
1,30,1,10000
1,55,1,8500
2,900,2,25000
2,1000,1,13000
1,360,1,6000
1,450,1,7000
2,900,2,22000
2,1100,2,40000
2,700,2,22000
1,400,1,4500
3,950,2,15000
3,3000,4,130000
2,950,2,23000
3,1100,3,45000
1,497,1,15000
3,100,2,13000
2,70,2,10000
2,55,2,10000
1,300,1,6500
1,400,1,7000
2,500,2,7000
4,650,2,17401
1,630,1,5500
1,450,1,20000
2,500,1,7000
5,200,5,190000
2,95,1,13000
4,272,3,60000
2,800,2,17000
2,50,2,16000
1,400,1,9500
1,450,1,5000
3,1800,3,27000
3,1800,3,29000
3,2000,3,29000
4,2700,4,37000
4,2700,3,36000
3,1800,3,35000
4,2700,4,42000
3,1800,3,37000
3,1800,3,30000
3,1200,2,20000
1,600,1,8500
1,350,1,11000
2,100,2,14000
3,1800,3,55000
2,900,2,25000
3,1150,2,20500
4,1400,2,28000
1,500,1,5000
4,300,3,35000
3,1800,3,30000
1,500,1,10000
1,500,1,11000
2,80,2,17000
2,1000,2,35000
3,1600,2,30000
4,1800,4,30000
2,400,2,13000
2,900,2,13000
1,480,1,11000
1,180,1,13000
2,1000,2,33000
3,1120,2,25000
3,1800,3,70000
3,1200,2,30000
1,550,1,9000
2,1400,1,14500
3,1600,2,50000
1,650,1,20000
4,120,4,15000
2,450,1,7500
1,520,1,13500
1,850,1,14000
2,850,2,18000
2,585,1,14000
3,1600,2,65000
2,950,2,22000
1,120,1,4000
2,500,1,10000
1,200,1,7500
1,550,1,17000
1,650,1,18000
4,2800,4,70000
1,50,1,10000
2,550,1,15000
2,90,2,16500
3,2925,3,100000
1,150,1,7500
2,450,1,6000
2,750,2,18000
2,975,1,18000
3,106,1,8000
2,750,2,14000
2,80,2,11000
3,96,2,25000
1,500,1,9000
3,1550,2,47000
2,1000,2,20000
1,400,1,6000
1,450,1,5000
2,1000,1,20000
1,450,1,10000
3,100,2,15000
2,550,2,13500
1,400,1,5500
1,60,1,14000
4,900,2,18000
1,700,1,20000
2,500,1,9300
3,2000,3,80000
2,400,1,7500
3,1500,2,30000
2,70,1,13000
2,60,2,8500
3,200,3,44300
2,1650,2,45000
2,1150,2,30000
2,1800,2,40000
4,4000,5,530000
2,900,1,12000
2,700,1,13500
2,900,2,30000
1,400,1,9500
4,2700,4,200000
3,2000,3,30000
2,450,1,9000
2,400,1,13000
2,500,1,7000
1,450,1,18000
1,350,1,3500
4,272,4,65000
1,545,1,19000
2,84,2,23000
1,600,1,12000
2,75,2,15000
3,165,2,38000
3,1100,3,50000
1,500,1,6500
3,150,3,35000
2,70,2,15000
3,250,2,30000
2,70,2,10000
1,300,1,18000
3,1800,3,30000
1,400,1,16000
3,1250,2,22000
2,480,1,9000
2,84,2,20200
2,84,2,19500
2,600,2,21000
2,600,2,20000
2,720,2,13000
2,75,1,6500
3,1000,2,25000
2,900,2,20000
2,2200,2,33000
3,900,1,18000
1,550,1,13000
2,450,1,10000
2,470,2,10000
3,125,2,23000
1,400,1,20000
4,2600,4,150000
3,1500,3,25000
2,80,1,21000
3,1100,2,30000
2,1000,2,22000
2,800,2,14000
2,50,1,7000
2,1000,2,18500
1,550,1,8500
1,450,1,8000
2,670,2,10000
2,700,1,15000
3,125,2,37000
3,1872,3,90000
2,650,1,12000
2,550,2,13000
2,84,2,22000
1,90,2,4000
2,1000,2,12000
1,65,1,9000
2,75,1,14000
1,250,1,15000
2,900,2,12500
3,900,3,30000
2,650,2,9500
2,900,2,15000
1,800,1,12000
1,410,1,8000
3,1500,3,70000
4,2800,4,250000
3,1800,2,31500
2,1400,2,30000
3,1600,3,60000
3,1200,2,35000
3,1150,3,55000
2,110,1,20000
1,300,1,6500
2,750,2,17000
1,450,1,9300
2,410,1,7500
2,800,1,20000
3,120,3,18000
1,650,1,15000
2,400,1,13000
2,810,2,20000
3,700,2,12000
2,1125,2,40000
2,600,2,8000
3,1300,3,95000
3,1450,3,68000
3,110,2,18000
4,3500,6,130000
4,4000,7,150000
3,2500,4,75000
4,3000,5,110000
4,3500,6,150000
1,240,1,10000
3,1250,2,24000
3,1000,2,28000
3,900,2,28000
2,900,2,18000
3,1250,3,27000
2,650,2,17000
3,3200,4,350000
2,900,1,25000
3,1250,2,16500
2,60,2,14000
2,90,2,18000
2,55,1,10000
2,50,1,10000
4,400,4,100000
2,680,1,25000
2,756,2,22999
2,500,1,6000
2,900,2,40000
3,2000,3,250000
1,40,1,13000
1,100,1,14000
2,950,2,20000
1,200,1,5500
2,900,2,32000
2,750,1,8000
3,1400,3,25000
2,100,2,28000
2,100,2,22000
1,100,1,21000
2,1000,2,30000
1,400,1,12000
1,70,1,15000
1,450,1,18000
2,900,1,18000
1,42,1,10000
1,400,1,16000
2,900,2,20000
4,1500,2,28000
1,70,1,7000
2,450,1,30000
2,900,1,15000
1,500,1,8000
1,400,2,9000
3,150,2,33500
1,450,1,9500
2,540,1,10000
1,400,1,20000
1,450,1,10000
1,700,1,15000
3,1450,2,55000
2,1000,2,20000
2,550,2,16000
2,900,2,23000
3,300,3,150000
2,1100,2,25000
1,600,1,9000
1,450,1,11000
2,550,1,11500
3,1000,2,16000
3,1250,2,23000
4,1950,4,30000
3,1750,4,110000
1,25,1,3500
2,700,1,12100
2,1800,1,19000
2,1000,2,40000
2,200,1,8000
3,1700,3,42000
3,70,2,13000
3,1700,3,44000
1,450,1,11000
3,1350,3,40000
4,2550,4,150000
2,650,2,13000
2,650,2,17500
3,1250,3,14500
3,1250,2,24000
3,1000,2,30000
1,500,1,10000
1,500,1,10000
3,1550,3,90000
4,3800,5,280000
2,1150,2,32000
3,2000,3,80000
1,30,1,5500
1,50,1,6000
3,1205,2,30000
3,1450,2,42000
1,200,1,5500
2,350,2,7000
2,700,1,10000
1,400,1,17000
1,700,1,18000
2,1000,2,14000
1,450,1,17000
3,1200,2,27000
3,1200,2,25000
2,900,2,23000
2,84,2,24500
1,200,1,10000
2,1300,2,35000
2,1300,2,27000
1,200,1,7000
1,300,1,5000
2,550,1,5000
2,950,1,12000
2,750,2,30000
2,950,2,25000
1,350,1,6000
3,2000,3,45000
3,180,3,40000
2,60,1,8500
2,950,1,16500
3,1400,3,100000
3,200,2,52000
1,450,1,12500
2,600,2,14000
1,350,1,15000
1,300,1,5000
2,95,2,40000
1,550,1,17000
3,900,3,15000
1,25,1,6000
3,325,3,85000
2,80,2,18000
2,77,1,7500
2,60,1,10000
1,100,1,9000
3,1300,2,24000
2,500,2,12000
2,500,2,10500
2,1200,2,31000
1,250,1,9000
2,700,1,9000
3,1050,2,27000
2,500,2,12500
2,1100,2,15000
2,1000,2,6500
3,2400,3,90000
3,3000,4,200000
1,650,1,15000
2,1000,2,15000
2,700,2,7600
3,1200,3,29000
3,1710,3,20000
2,600,2,12000
2,1080,2,10500
2,1300,2,29000
2,1027,2,26000
3,1350,3,25000
2,950,2,10000
2,1300,2,14000
2,600,1,6000
3,1428,2,40000
2,920,2,23000
2,600,2,10000
2,810,1,10000
2,1200,2,15000
1,550,1,11000
2,600,1,20000
2,850,1,15000
4,2117,4,22000
2,900,2,6000
2,1000,2,20000
1,500,1,6500
2,800,1,12000
2,1550,3,27000
2,1500,2,15000
3,1700,6,20000
2,700,2,22000
1,400,1,7000
2,450,1,7000
1,500,1,6500
2,770,2,9000
1,150,1,4500
2,850,2,12000
2,1100,2,18000
2,650,1,8000
1,550,1,5000
2,1000,2,14000
1,250,1,6500
2,790,2,10000
2,600,2,13000
2,700,2,11200
1,550,1,8900
1,500,1,12000
3,1800,3,45000
3,1550,2,35000
3,1462,3,34999
2,970,2,11000
3,2300,3,150000
2,700,1,15000
2,674,2,15000
2,750,2,10000
2,1000,2,12000
2,1030,2,10000
3,1540,2,35000
3,1800,3,40000
2,1100,2,24000
2,985,2,12000
2,1200,2,30000
2,1200,2,10000
2,900,2,15000
2,800,2,33000
2,800,2,9000
3,1500,3,30000
2,680,2,13000
2,800,2,15000
2,875,2,12000
2,880,2,20000
3,1500,3,36000
2,950,2,10000
2,850,2,16000
1,700,1,6000
3,2000,2,22000
1,450,1,6000
1,400,1,6500
1,350,1,3000
3,1650,3,27000
2,800,1,8000
2,600,1,12500
2,800,1,11000
3,1600,3,40000
2,700,2,15000
2,800,2,8000
3,2120,3,34000
1,560,1,7500
1,420,1,14000
2,1000,2,15000
3,1330,3,21000
3,930,2,12000
3,1900,3,75000
2,1200,2,15000
1,350,1,6000
3,1000,1,20500
2,1210,2,13500
2,750,2,10000
3,1150,3,15000
2,800,2,11000
2,930,2,12000
2,2800,2,15000
2,800,2,20000
2,850,2,24000
2,650,2,16000
2,770,1,10000
3,1800,3,30000
3,1100,2,26000
2,950,2,10000
3,1250,2,15000
1,400,1,9000
2,575,2,9000
2,1234,2,15000
2,870,2,12000
2,1162,2,20000
3,2200,3,15000
1,500,1,8000
3,900,1,13000
1,600,1,6800
2,600,1,9000
3,1600,3,14000
4,2400,4,55000
3,1600,3,50000
1,400,1,8000
2,1000,2,16000
2,600,2,15000
2,750,2,15000
2,700,2,15000
4,2200,5,75000
1,500,1,9000
1,700,1,6500
3,1480,2,17000
3,1700,3,49000
2,830,2,15000
3,1425,2,25000
3,1550,3,40000
1,200,1,8000
2,1200,2,17500
3,800,2,11000
3,1261,3,8500
2,425,2,11000
2,940,2,12500
3,2300,3,90000
2,700,2,14000
3,2400,3,150000
2,1145,2,25000
2,750,2,18000
3,1250,3,17000
2,900,2,8500
3,800,2,15000
2,800,2,22000
2,900,2,15000
2,600,1,10000
1,250,1,5000
2,910,2,10000
3,1350,3,15000
3,450,3,34500
1,600,1,8000
3,3600,3,330000
2,800,2,22000
2,850,2,13000
2,1000,2,6500
2,900,2,18000
3,2400,3,30000
1,400,1,8500
4,1900,4,20000
2,900,2,12000
2,805,2,18000
2,1200,2,19000
2,800,2,12000
3,1158,2,16000
1,400,1,5700
1,450,1,15000
2,960,2,11000
3,1400,2,17000
2,970,2,18000
2,1000,2,9500
2,900,2,12000
2,800,2,8000
2,1100,1,12000
2,800,2,16000
2,800,1,8000
2,898,2,10000
2,800,2,15000
2,600,1,7500
3,2000,3,30000
2,870,2,16000
2,1100,2,14000
2,650,2,10000
3,1100,2,25000
2,1250,2,11500
2,1145,2,11000
2,780,2,10000
1,680,1,7000
2,860,2,18000
1,600,1,7500
2,750,1,7500
2,800,2,12000
2,570,2,12000
2,1150,2,40000
1,350,1,5000
2,894,2,20000
1,600,1,6500
3,900,2,12000
1,550,1,12000
2,717,2,14000
2,660,2,13000
1,700,1,9000
1,800,1,10000
3,1070,2,15000
2,1000,2,15000
2,1500,2,19000
2,900,2,15000
2,1700,2,16000
2,900,2,12000
2,805,2,11000
2,750,2,8000
2,1000,2,10000
3,1500,3,70000
3,3200,3,45000
3,1700,3,60000
2,1000,2,12000
3,2036,3,80000
2,610,1,23999
2,1100,2,23000
2,900,2,16000
2,840,2,14000
3,965,2,13000
2,800,2,14000
1,700,2,7000
1,600,1,3500
1,650,2,12000
1,320,1,8000
2,700,1,25000
2,850,2,12000
1,550,1,7000
3,1400,3,20000
2,1300,2,18000
2,1125,2,15000
2,780,2,11000
3,2200,3,65000
3,2500,3,75000
1,1300,2,15000
2,619,1,12000
2,700,1,8500
3,2100,3,38000
3,2000,3,30000
1,700,1,9000
3,2000,3,25000
2,600,2,9000
1,550,2,8500
1,300,1,7000
2,800,2,25000
2,850,2,8500
1,450,1,6500
1,500,1,7000
1,115,1,4500
2,800,2,22000
2,600,1,10000
2,800,2,16000
3,1725,2,85000
2,1330,2,15000
3,2064,4,25000
1,700,1,9000
2,900,2,20000
2,1066,2,15000
2,700,2,9000
2,900,2,14000
2,700,2,15000
3,950,2,14000
2,850,2,8000
2,600,2,13500
2,750,2,12000
2,850,2,7500
3,1650,3,20000
2,960,2,11000
2,1200,2,11000
2,650,2,17500
2,800,2,8000
3,1350,3,25000
2,560,2,12000
1,250,1,5250
2,685,2,25000
2,1021,2,14000
3,1200,3,24000
3,1557,3,35000
2,550,1,8000
2,800,2,16000
3,917,2,28000
2,960,2,16000
2,1000,2,13000
2,1000,2,35000
1,579,1,11000
1,800,1,5000
2,1100,2,23000
2,635,2,11000
3,1700,3,25000
1,600,1,4500
4,2500,4,100000
3,1920,3,47500
2,850,2,7500
3,1850,3,16500
2,1375,1,18000
2,700,2,7000
1,700,2,8000
1,675,1,10000
3,900,2,7000
2,1020,2,35000
4,3000,4,100000
2,800,1,13000
2,600,1,10000
2,890,2,14000
3,1700,3,46000
4,2000,3,65000
2,800,2,9000
3,1002,2,13500
3,1225,3,29000
2,610,1,23999
3,1200,3,26000
2,850,2,8200
1,500,1,15000
2,778,2,10000
2,850,2,20000
2,800,2,15000
2,1200,2,14000
2,750,2,11000
1,550,1,6500
3,1567,3,26000
1,650,1,7500
2,1150,2,14500
6,4500,5,280000
2,900,2,12000
3,1450,2,45000
2,850,2,22000
1,550,1,7000
1,600,1,7000
2,1200,2,45000
4,1450,4,20000
2,560,2,14000
2,1113,2,18000
3,1600,4,20000
1,550,1,10000
2,1200,2,25000
2,900,2,18000
1,800,1,5000
2,1200,2,12000
2,1000,2,13000
2,1100,2,30000
2,700,1,9000
1,650,1,12000
3,1500,2,30000
3,1175,2,20000
2,750,2,12000
2,1010,2,9500
2,1050,2,22000
3,1060,2,23000
2,900,2,9500
2,1000,2,13500
1,450,1,12000
3,1600,3,33000
3,1760,3,33000
2,618,2,18999
3,1220,2,18000
1,580,1,8500
3,1651,3,20000
2,705,2,9000
1,700,1,7000
3,1700,3,53000
2,901,2,14000
2,1100,2,21000
3,1120,2,16000
2,1300,2,26000
3,1350,3,20000
2,1340,2,25000
1,250,1,10000
2,700,2,11500
2,650,2,15000
1,490,1,4200
2,700,1,9500
1,580,2,8000
2,1400,3,16000
2,850,2,12000
2,850,2,12000
2,900,2,12000
2,780,2,13000
3,1246,2,15723
1,300,1,6000
2,900,2,10000
1,350,1,3000
2,900,2,7500
2,1099,2,18000
3,1530,3,16500
3,2000,3,35000
3,1095,2,15000
2,780,2,7000
3,1300,3,38000
2,900,2,20000
1,450,1,7500
2,400,2,12500
3,900,2,16000
2,935,2,16000
1,450,1,8500
2,1020,2,30000
3,1280,2,16000
1,450,1,5700
2,1120,2,18000
2,1000,2,15000
2,1000,2,7500
2,750,2,9000
2,1000,2,13000
3,1100,2,25000
3,3000,3,130000
2,650,2,13000
3,1500,3,20000
1,500,1,18000
2,700,1,8000
1,450,1,16000
2,700,2,18000
2,1250,2,19000
2,700,2,7500
2,650,2,15000
2,850,2,19000
2,750,2,10000
3,1780,3,45000
2,980,2,20000
2,700,2,7500
2,600,2,14000
2,800,2,5000
2,1500,2,20000
3,1402,3,15000
3,1500,3,75000
3,1300,3,30000
3,1484,3,30000
1,630,1,12500
2,1150,2,24000
2,800,2,10000
2,600,2,12000
3,2200,3,45000
2,950,2,10500
2,700,2,6250
1,450,1,6000
1,150,1,7500
1,360,1,6300
1,750,1,7000
2,1065,2,14000
2,650,2,10000
2,1140,2,30000
3,1525,3,16000
3,1450,3,22000
2,1200,2,14000
2,1100,2,18000
2,700,2,10500
1,600,1,6000
3,1200,2,20000
3,2100,3,90000
2,950,2,13500
1,800,1,7000
2,900,2,12500
2,805,2,15000
2,800,2,14000
2,2300,2,28000
2,1200,2,9500
3,1200,2,16000
4,4000,4,120000
3,1500,2,20000
1,500,1,21000
2,1050,2,22000
4,2550,4,120000
2,650,2,15000
1,800,1,5000
2,1000,2,15000
2,900,2,19000
3,1475,3,37500
1,360,1,8000
3,1600,3,45000
1,550,1,5000
3,1800,2,30000
2,1000,2,17000
2,700,2,15000
1,500,1,3500
3,1132,2,25000
3,1400,3,17000
5,3300,5,50000
3,1400,3,22000
2,800,2,12000
3,80,2,10000
3,1000,3,10000
2,1020,2,26000
2,500,2,9000
2,900,2,12000
2,600,1,8500
2,1100,2,7000
2,1200,3,12000
2,650,2,12000
2,900,2,26000
3,100,2,13000
2,1100,2,30000
2,585,2,30000
2,740,2,12000
1,550,1,10000
2,786,2,13000
2,1100,2,13000
3,1500,3,40000
3,1440,3,25000
1,700,1,8000
1,450,1,6000
3,1200,2,17000
3,1785,3,17000
2,1050,2,15000
2,700,1,8500
2,450,1,8500
2,803,2,11000
3,1800,3,60000
2,985,2,18000
4,2880,3,70000
2,850,2,10000
3,1100,2,20000
2,1100,2,16000
2,1500,2,10000
3,1975,3,100000
1,400,1,7000
2,914,2,17000
2,1000,2,17000
3,1170,2,39000
1,350,1,6500
3,1120,2,15000
2,1100,2,17000
1,500,1,6800
3,1435,3,110000
1,200,1,8500
3,1444,3,65000
1,350,1,7500
2,800,2,10000
3,1503,2,34000
3,1200,3,17000
3,900,2,23000
1,625,1,17000
2,860,2,8500
2,960,2,10000
2,550,1,8000
3,1000,3,30000
1,520,1,15000
3,1500,2,25000
2,966,2,16500
3,1400,3,40000
3,1300,2,15000
3,1062,2,12000
3,1850,3,35000
2,600,2,8000
2,1000,2,11000
3,1065,3,20000
3,950,3,17000
2,740,2,9000
2,700,2,16500
2,880,2,12000
2,890,2,12500
2,1100,2,25000
2,700,2,15000
3,1155,2,14000
3,1500,3,72000
1,550,1,10000
2,1000,2,17000
2,550,2,12000
3,2900,3,72000
3,2100,2,26000
2,1000,2,10500
2,800,1,15000
2,900,1,8500
2,800,2,10000
2,1015,3,10000
3,1700,3,25000
1,850,1,10000
2,1260,3,13000
2,800,2,16000
1,550,1,5000
2,800,2,9500
3,1200,2,18000
3,1570,3,24000
1,570,1,6166
2,900,2,20000
2,700,2,13000
1,500,1,8000
2,1000,2,18000
2,700,2,20000
2,690,1,14000
2,100,2,15000
3,1200,3,25000
2,1200,2,26000
2,800,2,9000
3,1157,3,15000
2,780,2,15000
3,2792,5,130000
1,500,1,7500
2,750,2,9500
6,1800,6,60000
1,500,1,7000
2,1153,2,23000
1,500,1,18000
3,1000,2,18000
1,510,1,6000
2,730,2,13000
2,950,2,15000
2,730,2,10000
3,1400,2,22000
2,900,2,10000
1,506,1,6500
2,749,2,7000
1,520,1,18000
2,850,2,7000
2,1000,2,22000
1,600,1,7000
1,1900,1,15000
2,600,1,8000
1,500,1,7000
1,550,1,9000
2,1200,2,9800
3,1107,2,14500
1,550,1,15000
2,1150,2,22000
2,600,2,9000
3,1235,2,18000
1,600,2,8500
1,400,2,6500
3,1400,3,40000
3,800,2,17000
2,700,2,12000
2,900,2,30000
1,400,1,4000
2,850,2,14000
3,1415,2,25000
1,281,1,8000
1,600,1,12500
5,6000,4,100000
2,1050,2,14000
1,390,1,7500
3,950,2,17500
3,1500,3,27000
2,200,2,16500
2,926,2,12000
3,1700,3,45000
2,1068,2,15000
3,1800,3,14000
2,590,2,17000
3,1400,3,34999
1,550,1,7000
1,520,1,10500
2,900,2,15000
2,700,2,10000
1,400,1,7000
4,2280,4,200000
2,826,2,12000
2,1050,2,10000
2,700,2,15000
2,800,2,19000
2,850,2,25000
1,502,1,10000
2,925,2,13000
2,500,1,12500
2,950,2,10000
2,930,2,16000
2,950,2,11000
2,800,2,13000
2,950,1,15000
3,1100,2,15000
2,750,3,20000
2,1000,2,12000
2,950,2,600000
2,800,2,11000
1,500,1,10000
3,1500,3,30000
1,550,1,8000
1,400,1,7000
1,550,1,10000
2,730,1,9300
2,1000,2,10500
2,975,2,16000
2,1800,2,20000
2,745,2,9000
2,900,2,18000
2,600,2,10000
2,600,2,16000
1,450,1,13500
2,1030,2,16000
2,833,2,8500
2,1000,2,15000
2,840,2,8200
2,750,2,20000
2,950,2,9000
1,550,1,13500
3,1125,2,26000
2,700,2,11000
2,1100,2,18000
2,700,2,10000
3,1250,3,40000
2,1100,2,24000
1,475,1,18000
2,530,1,11000
2,1050,2,23000
2,830,2,11000
2,809,2,8000
2,900,2,15000
1,700,1,9500
2,1150,2,13500
1,750,1,11000
2,920,2,13000
2,1050,2,25000
2,1800,2,12000
2,1000,2,25000
3,1062,2,8500
2,800,2,8500
1,450,1,5000
2,900,1,8500
4,2240,4,100000
1,500,1,7500
1,750,1,7000
3,1400,3,26000
2,1200,2,12000
2,1424,2,18000
1,450,1,13000
3,2700,2,160000
2,805,2,8000
1,434,1,6000
2,1000,2,12500
1,595,1,6500
2,685,2,10000
2,1075,2,12500
3,1100,3,22000
2,950,2,17000
3,1500,3,20000
3,1100,2,22000
2,1100,2,11500
3,1000,3,23000
2,800,2,19000
3,1500,2,45000
3,1250,2,17000
2,650,2,9500
3,1650,3,45000
4,2317,4,60000
2,950,2,12000
3,1700,3,40000
3,1300,2,16000
2,805,2,9000
2,1109,2,35000
1,300,1,4000
2,700,1,11000
2,950,2,9500
3,1290,3,25000
2,950,2,10000
1,400,1,12000
2,2000,2,19397
2,939,2,12000
3,1200,3,10000
2,1800,2,20000
3,1200,2,15000
2,1200,2,28000
3,1750,3,10000
1,300,1,3500
1,650,1,8000
2,950,2,13500
3,1610,3,36000
2,900,2,15000
1,550,1,5000
2,700,2,10000
2,800,2,10000
2,580,2,8500
2,950,2,11000
1,700,1,8000
2,600,1,12000
1,200,1,5000
1,600,1,7000
2,550,2,15000
1,600,1,10000
3,1680,3,37500
2,1100,2,7000
1,600,1,6500
2,820,2,16000
3,1125,3,34000
2,973,2,11500
2,780,1,15000
1,400,1,8000
4,4000,4,220000
2,1000,2,22000
3,3500,3,85000
1,350,1,6000
2,800,2,14000
2,700,2,11500
1,550,1,6000
3,2100,4,24000
3,1700,3,32000
3,1420,2,16000
2,950,2,13000
2,780,2,14000
1,800,1,7500
2,500,1,10000
2,1000,2,18500
2,750,2,12000
2,1200,2,17000
3,1152,3,35000
2,843,2,9000
2,900,2,13000
2,1250,2,27999
2,650,2,11000
4,2600,4,140000
1,700,1,12000
2,720,2,13000
4,3500,4,250000
4,3000,4,80000
2,1144,2,22999
3,1750,3,36000
3,1450,2,70000
2,590,1,12500
2,900,2,18000
2,800,1,10000
2,1000,2,18000
3,1650,3,37000
2,700,2,18000
3,1280,2,25000
2,700,2,10000
2,980,2,15000
2,900,2,15000
1,450,1,9000
2,1200,2,14000
2,650,2,8500
3,1903,3,35000
2,650,1,10000
1,450,1,5000
2,900,2,23000
2,550,1,15000
2,750,2,18500
2,1000,2,28000
3,1050,3,32000
1,650,2,14000
1,400,1,7000
3,1075,3,33000
3,2000,3,100000
2,720,2,18000
3,1000,2,16000
1,500,1,8500
2,900,2,10000
2,900,2,13500
2,900,2,19000
1,1000,2,11500
3,1300,3,22000
3,1383,3,12000
2,800,2,10000
2,1500,2,15000
3,1350,2,35000
3,2000,3,70000
3,1200,2,32000
3,1912,3,35000
1,500,1,10000
2,950,2,11000
2,1000,2,12000
3,1600,3,40000
2,900,2,8000
3,1265,2,20000
3,1060,2,12000
2,1050,2,15000
3,1500,3,27000
2,890,2,13000
2,700,3,9000
3,1146,2,25000
1,700,1,12000
2,800,2,18000
2,640,2,9500
2,909,2,14000
4,2400,3,40000
4,3800,4,70000
2,400,2,15000
2,886,2,8500
3,1570,3,27500
2,900,2,15000
1,400,1,5000
2,1600,2,26000
2,1000,2,14000
2,850,2,20000
2,750,2,12000
2,750,2,17000
3,2000,3,75000
3,1270,2,19500
2,2000,2,10000
2,1250,2,32000
2,1000,2,15000
3,1050,3,28000
2,800,2,10677
3,1625,3,50000
3,1535,3,32500
2,850,2,23000
4,3800,4,75000
4,4500,4,250000
2,1100,2,10000
3,3200,3,60000
2,647,1,12000
3,1798,3,48000
3,1700,3,58000
2,930,2,14000
1,150,1,7000
2,1200,2,13000
2,1250,2,11000
2,900,2,9500
1,500,1,7500
2,900,2,14000
2,1100,2,16000
3,1500,3,18000
1,500,1,8200
3,1300,3,12000
1,300,1,10000
2,800,2,13000
3,1400,2,22000
1,500,1,10500
2,750,2,11000
3,1200,3,20000
3,1350,2,14000
2,1400,2,12500
1,450,1,10500
3,2061,3,30000
2,100,2,11000
2,1100,2,9000
3,1650,3,35000
3,1500,3,23382
2,1140,2,9500
2,990,2,9000
3,1700,3,60000
2,1200,2,11000
2,850,2,11000
2,900,2,11000
2,800,2,8000
2,1000,2,9000
2,1020,2,8000
1,300,1,5500
2,1800,2,12000
3,919,2,25000
3,25,3,23000
2,1050,2,12000
2,200,2,6500
1,450,1,9000
4,1000,3,25000
3,1250,2,12500
3,1900,3,45000
2,1500,2,27000
3,2395,3,75000
2,1800,2,9000
2,700,2,12000
3,1700,2,24000
2,1200,2,15000
3,1600,3,24000
2,745,2,12000
3,2210,3,27000
3,1450,3,30000
3,1400,3,20000
3,2000,3,22000
4,1815,3,25000
2,1000,1,23000
2,1000,2,12000
2,1200,3,18000
3,2430,3,55000
1,140,1,5000
2,1200,2,13000
2,1100,3,9000
2,800,2,7000
3,1500,3,28000
2,1200,2,15000
3,1350,3,14000
5,2300,3,45000
1,1300,2,12000
2,1000,2,12500
2,1210,2,13000
2,1050,2,9500
3,1600,3,35000
1,300,1,4000
1,300,1,8000
2,1010,2,12500
3,1850,3,65000
2,1300,2,13000
2,1100,2,12500
3,2200,3,45000
1,500,1,6000
3,2290,3,50000
3,1900,3,40000
3,1600,3,30000
2,800,1,7000
3,1600,3,25000
1,500,1,9000
3,1500,3,16000
1,650,1,10500
4,3300,4,100000
2,1200,2,9000
2,800,2,11000
3,1200,4,24000
2,1000,1,12000
2,1600,3,20000
2,1200,2,24000
2,1100,2,12000
3,1250,3,12000
2,1100,2,10000
2,1600,2,45000
2,1000,2,22000
1,455,1,6500
3,1473,2,40000
5,4050,4,300000
1,400,1,4000
2,1300,2,12000
4,2520,5,27000
1,500,1,10000
2,200,1,10000
2,1200,2,10000
3,1950,3,18000
1,500,1,14500
1,500,3,9000
2,1150,2,14000
2,242,2,18000
2,720,2,9500
3,1800,3,49000
1,450,1,9000
2,130,2,130000
2,690,2,8000
2,1000,2,13000
3,1500,2,18000
3,1150,3,18000
3,1783,2,32000
2,900,2,15000
3,1725,3,35000
1,680,1,6000
1,550,1,9000
2,1290,2,9500
2,1450,2,12500
2,1300,2,25000
2,1450,2,15000
3,1496,2,38000
3,1850,2,20000
3,1600,3,15000
3,3500,3,130000
3,1850,3,27000
2,1210,2,16000
2,1400,2,13000
2,950,2,10000
2,878,2,10000
2,875,2,17000
2,300,2,12500
3,1800,3,25000
3,1956,3,35000
2,800,1,12000
2,1175,2,12000
2,1080,2,15000
3,1955,3,45000
2,950,2,20000
2,800,2,15000
2,1090,2,10000
3,1450,3,15000
2,1070,2,19800
2,60,2,8500
4,3133,5,130000
1,900,1,8500
1,60,1,4500
2,600,2,9000
1,750,1,13000
2,900,2,18000
3,1800,3,26000
1,470,1,17000
2,720,2,9000
1,450,1,8000
2,600,2,10000
2,1100,2,12000
2,1300,2,14000
2,1500,2,25000
2,1200,2,22000
4,3000,4,45000
3,2000,3,20000
2,800,2,16000
3,1000,3,35000
2,1200,2,15000
1,400,1,5500
3,1250,2,35000
1,700,1,14000
2,1100,2,25000
4,2050,2,36000
2,1428,2,20000
3,1700,3,30000
2,1140,2,12000
2,1000,2,16000
2,1160,2,13000
3,3000,2,22000
1,450,1,15000
3,1540,2,14000
2,1000,2,8000
3,1417,3,57000
3,2100,3,1200
2,550,1,8000
3,1600,3,15000
2,1200,2,17000
2,500,2,12000
3,1300,2,25000
2,600,1,13000
3,1565,3,35000
1,350,1,6500
2,1100,2,11000
2,1200,2,25000
3,2000,3,35000
3,2200,3,27000
3,1400,3,18000
3,1950,3,20000
2,130,2,8500
2,1300,2,14000
3,1675,3,35000
2,1135,2,16000
3,1800,2,20000
3,1400,3,18000
4,3698,5,140000
2,950,2,10000
2,650,2,12000
1,100,1,5300
2,950,2,11000
2,1000,2,12000
2,900,1,12000
3,1800,3,20000
2,1000,2,13000
3,1800,3,22000
2,1000,2,15000
1,450,1,5400
3,1771,3,16500
2,1150,2,12000
2,1000,2,8500
2,1050,2,14000
3,1500,2,15000
2,750,2,6000
2,1100,2,14000
2,800,2,15000
3,150,3,37000
1,750,1,6500
2,600,1,10000
2,1080,2,12000
2,1100,2,12000
2,750,2,9000
3,2405,4,60000
2,1248,2,18000
2,1110,2,14000
3,2300,3,50000
2,1000,2,17000
2,800,2,9000
4,3115,5,80000
1,500,1,7500
2,950,2,14000
2,1374,2,14000
1,1300,1,10000
2,1150,2,17000
1,450,1,6500
2,927,2,10000
3,1500,3,22000
2,1200,2,15000
2,1200,2,12000
3,2800,3,52000
1,562,1,6500
2,1500,2,20000
3,1950,3,25000
3,1360,2,14000
3,1800,3,25000
2,950,2,12500
2,780,2,12000
1,500,1,10000
2,1050,2,17000
1,600,1,15500
3,1800,3,65000
3,1800,3,60000
3,1900,3,45000
2,1100,2,10500
2,200,1,9000
3,1400,3,20000
2,1200,2,20000
3,1600,3,18000
2,1150,2,12000
2,130,2,12000
4,3800,4,120000
3,1720,3,28000
1,500,1,6000
2,1200,2,12500
4,2400,4,31000
2,800,2,7000
2,1300,2,22000
2,1400,2,17500
2,650,2,14000
2,103,2,9500
1,950,1,7000
3,1500,3,15000
3,1550,2,15000
2,140,2,10000
3,1800,2,14000
4,2550,4,85000
1,500,1,5500
2,800,2,14000
2,800,2,10000
2,1300,2,10000
2,600,2,13000
3,1000,3,20000
3,1000,3,25000
1,500,1,7500
1,8000,10,200000
2,1100,2,12000
2,1100,2,9500
2,200,2,12000
2,1800,2,10000
2,190,2,8000
3,1350,2,16000
2,1200,2,12333
1,400,1,9500
2,1200,2,16000
3,1400,3,20000
3,1300,3,14000
1,400,1,7500
1,650,1,13900
1,500,1,5500
2,875,2,9000
1,850,2,4700
3,1730,3,30000
3,1500,3,16500
3,1600,3,24000
2,900,2,9500
2,925,2,12000
2,1500,2,15000
3,1600,3,22500
3,1300,3,32000
2,1200,2,10000
2,133,2,13000
2,950,2,7000
3,1200,3,12000
2,950,2,7500
2,1095,2,15000
1,400,1,8000
3,2210,3,25000
3,1450,2,26000
3,192,3,15000
1,80,1,3000
2,1315,2,12500
3,1600,3,42000
2,1450,2,20000
3,1900,3,40000
3,2600,3,45000
1,450,2,8500
2,1000,2,15000
2,100,2,9000
2,1100,2,14000
2,1200,2,11000
2,1400,2,10000
3,2000,3,55000
2,1070,2,10000
2,1450,2,25000
2,1230,2,27000
2,1000,3,12000
2,1200,2,16000
2,150,2,8000
2,850,2,14000
2,1300,2,10000
4,4761,5,150000
2,1250,2,16000
1,100,1,6000
3,1550,2,26000
2,1300,2,13000
3,1600,2,28000
2,1200,3,8500
2,1200,2,12500
3,1970,3,25000
2,650,2,10000
2,1000,3,12000
3,1500,3,15000
2,1250,2,6000
3,1940,3,30000
2,700,2,18000
2,700,1,8500
2,100,2,7500
1,300,1,12000
2,980,2,15000
2,800,2,15500
3,1250,2,20000
2,1000,2,11000
2,1000,2,15000
3,1800,3,17000
3,2000,3,20000
3,1500,3,20000
2,1050,3,12000
2,1100,2,25000
2,1000,2,11500
2,700,2,6500
1,750,1,10000
1,450,1,6000
3,1000,2,14000
3,1500,3,34000
2,1550,2,15000
2,1450,2,20000
2,650,2,9500
2,650,2,10000
3,1500,3,30000
2,900,2,13000
3,1645,3,45000
2,600,2,8000
2,1250,2,25000
2,1300,2,12000
2,1000,2,19000
3,1500,3,22000
2,1150,2,15000
2,110,2,15000
2,103,2,10000
2,1050,2,10000
2,60,2,7000
2,1170,2,15000
2,167,2,9500
1,500,1,6500
1,600,1,10000
1,600,1,8000
1,200,1,3300
2,600,1,12000
2,900,2,20000
2,800,2,12000
3,1000,2,20000
3,3200,3,70000
2,1400,2,10000
1,550,1,8500
1,540,1,8000
1,400,1,8000
2,1225,2,13000
3,1430,2,15500
2,1200,2,30000
2,1197,2,10000
2,1150,2,18000
1,500,1,12000
2,1200,2,9000
1,500,2,6000
3,1600,3,32000
2,1100,2,36000
2,1220,2,17000
3,1500,3,20000
1,500,1,9000
2,850,2,9500
2,1000,2,7000
3,100,3,17000
2,1140,2,19500
2,1100,2,25000
3,1400,2,14000
2,1350,2,16000
2,180,2,15000
2,1250,2,13000
2,1300,2,12000
2,840,2,12000
2,1200,2,7500
2,700,2,13000
4,2700,4,52000
2,1100,2,22000
2,1000,2,18000
2,1000,3,7000
3,1600,3,16500
3,1550,3,13000
1,600,1,6000
1,500,1,6000
2,1100,2,21000
3,1000,2,10000
2,1000,2,12000
3,1800,3,30000
2,1300,2,15000
2,1100,2,10000
2,950,2,9000
2,1000,2,10000
2,1200,2,8000
6,2800,7,60000
2,550,2,8000
2,1000,2,8500
2,800,2,7500
2,600,1,5000
3,1800,3,30000
1,500,1,7500
2,1000,2,12000
2,1100,2,15500
3,1450,2,26000
1,550,1,8000
2,933,2,12000
3,1100,2,15000
2,1030,2,10000
3,1150,3,20000
2,850,2,12500
2,1000,2,18000
3,1400,3,21000
3,2700,3,95000
3,1700,3,26000
3,1742,2,53000
2,1000,2,13000
2,1440,2,12000
3,1600,3,28000
3,1838,3,57000
2,1200,2,10000
3,200,1,21467
1,1050,1,32000
1,400,1,7000
2,1350,2,30000
3,1960,3,40000
1,800,1,9000
2,1000,2,15000
2,1100,2,18000
3,1480,3,25000
1,700,1,8500
3,1500,2,20000
2,1000,2,12000
2,900,2,12500
3,1250,2,25000
2,1100,3,10000
3,1300,2,18000
3,1275,2,12000
3,1265,3,13000
1,700,1,13000
2,1150,2,25000
2,850,2,9000
2,1285,2,10000
3,2000,3,15000
2,1000,3,20000
1,700,1,13500
3,1100,2,21000
2,1000,2,10000
2,800,2,10000
2,1400,2,10000
2,1350,2,24000
2,1100,2,13000
2,840,2,8000
2,1325,2,55000
5,3500,6,50000
3,1250,3,32000
3,1500,3,22000
2,1050,2,8500
3,1200,2,12000
3,1500,3,15000
1,100,1,3000
3,1742,3,52000
2,650,2,9500
3,2235,5,46000
2,1000,2,12000
2,175,2,8000
2,160,2,9000
2,1200,2,10000
2,1283,2,39000
1,600,1,9000
4,3455,4,120000
3,1500,3,25000
1,540,1,14000
1,500,1,6000
2,1100,2,15000
2,1350,2,8000
1,400,1,6000
2,120,2,10000
3,3050,3,35000
2,400,3,16000
2,800,2,14000
2,90,1,10000
1,500,1,7000
2,1150,2,8000
3,1700,2,22000
2,1000,2,12000
3,1100,1,10000
3,1360,3,15000
1,400,1,6500
2,1150,2,25000
2,700,2,12000
1,100,1,9000
2,800,2,7000
2,500,2,20000
2,900,2,9000
3,1500,2,30000
3,1600,3,15500
2,1300,2,10500
3,1305,2,16000
1,400,1,6000
2,600,2,15000
2,1130,2,21000
4,7000,6,400000
1,890,1,9000
3,1606,3,30000
1,650,1,6500
2,600,1,6000
2,1350,2,45000
2,1050,2,15000
2,1600,3,16000
3,1840,3,22000
2,1100,2,12000
2,800,2,13000
2,800,2,10000
2,1100,2,15000
3,2000,3,15000
1,750,1,9000
3,1650,2,20000
2,600,2,6500
3,2352,4,45000
3,2671,3,42000
2,550,2,12000
3,1700,4,24000
2,1050,2,16000
6,2400,4,20000
2,800,2,15000
2,1000,2,15000
2,1100,2,8000
1,160,1,6500
2,1230,2,22000
1,500,1,6200
1,300,1,9000
2,1156,2,9000
2,1100,2,15000
2,1250,2,15000
3,900,3,15000
1,650,1,6800
1,350,1,5000
2,1500,2,12000
2,100,2,12000
2,900,2,12000
2,990,2,18000
3,1700,3,25000
2,900,2,15000
3,1700,3,23000
2,1050,2,10500
3,1550,3,37000
2,1050,2,16000
3,1600,3,25000
2,1250,2,14000
2,700,1,10000
2,1100,2,12500
2,850,1,15000
3,1700,3,35000
3,1800,3,30000
1,520,1,8000
2,800,2,7000
1,67,1,5500
1,500,1,5000
2,1060,2,8500
2,900,1,8000
2,1650,1,16000
2,800,2,7500
6,3400,7,35000
3,1100,1,8000
2,1492,2,45000
3,1100,1,9000
4,2990,3,60000
3,2780,3,70000
2,1100,2,9000
2,90,2,11000
2,760,2,5800
1,600,1,9000
2,940,2,18000
3,1742,3,45000
3,2000,3,55000
1,800,1,9500
3,1800,3,35000
2,1350,2,7500
3,1685,3,25000
2,1250,3,12500
3,1800,3,22000
2,853,2,7500
3,2000,3,42000
1,800,1,8000
2,1200,1,20000
2,1100,2,19000
1,550,1,14000
4,4761,6,200000
2,920,2,18500
3,1400,2,38000
3,2310,3,67000
2,650,2,5000
1,700,2,25000
1,300,1,7000
4,100,2,10000
2,1050,2,25000
2,1125,2,11000
4,1600,4,17000
3,2400,3,47000
2,650,2,10000
1,1000,1,7500
2,900,2,10000
2,1250,3,11000
2,1020,2,21000
3,1270,2,15000
1,600,1,7500
1,500,1,6500
2,800,2,7500
3,1500,2,15000
2,1200,2,11000
3,1900,3,23000
2,950,2,11000
1,300,1,8000
2,1250,2,13000
2,1200,2,17000
2,1100,2,16000
2,1100,2,12000
2,1500,2,20000
3,1400,2,18000
3,1742,3,50000
2,1250,2,23000
1,650,1,16500
3,1545,2,25000
1,700,2,13000
2,1600,2,12000
3,1700,3,37000
2,920,2,6500
2,1115,2,13000
3,1000,2,17500
2,1200,2,15000
1,500,1,4000
3,1850,2,15000
1,600,2,9000
2,200,2,13000
3,1500,3,25000
3,2100,3,37000
3,1250,3,25000
1,800,1,13000
3,1450,2,20000
3,1960,3,37000
3,1965,3,40000
3,1834,3,45000
3,1834,3,44000
2,1150,2,15000
3,1800,3,37000
2,1000,2,12000
2,1200,2,8000
3,2000,5,30000
1,700,1,12000
1,400,1,6000
2,1250,2,9500
1,500,1,10000
3,1550,3,16000
2,1000,2,20000
2,1200,2,10000
2,1200,2,13000
2,1200,2,17000
2,1800,2,15000
2,1100,2,10000
3,1650,2,25000
3,225,3,15000
1,550,1,11000
1,350,1,7500
2,600,1,15000
1,500,1,7500
2,1100,2,11000
2,1205,2,15000
2,1200,1,9500
1,540,1,5000
3,1800,4,20000
1,500,1,8500
2,1200,2,9000
2,1180,2,15000
2,1000,2,20000
2,675,2,11500
3,1450,2,13000
1,100,1,11000
1,500,1,6000
2,100,2,15000
4,2300,4,45000
1,300,1,5000
1,300,1,6000
1,800,1,8000
2,1280,3,15000
2,110,2,10000
2,920,2,9000
2,2000,2,16000
2,770,2,16000
3,3200,3,45000
2,1500,2,12000
2,1100,2,14500
1,450,1,8000
6,4500,6,80000
2,1300,2,15000
1,1000,1,15500
2,900,2,8000
1,400,1,7500
3,10,3,15000
1,450,1,5000
2,1300,2,10000
2,1000,2,16000
2,1300,2,15000
1,350,1,6000
3,1560,3,32000
3,1800,3,22000
1,600,1,9000
2,350,1,12000
2,1100,2,16000
2,1100,2,13000
2,1170,2,20000
1,550,1,9000
2,1000,2,11000
2,1100,2,12500
4,3789,5,140000
3,2700,3,65000
3,2170,3,60000
2,1160,2,26000
2,800,2,8000
2,1200,2,14000
3,1422,3,15000
2,1200,2,15000
2,1200,2,7000
2,1080,2,16000
2,1050,2,17000
2,1100,2,18000
2,700,2,20000
2,1150,2,18000
2,1124,2,19000
1,650,1,7000
2,1125,2,10000
2,850,2,9000
2,1140,2,30000
2,1350,2,20000
1,600,1,6500
2,1050,2,9000
3,1100,3,20000
2,1200,2,8000
3,1450,2,22000
2,1000,2,17000
1,300,1,7000
6,4200,5,30000
2,1000,2,12000
3,2300,3,53000
2,900,2,11000
1,650,1,7500
1,850,1,7500
2,1300,2,12000
2,950,2,12000
1,150,1,10500
2,900,2,6000
1,50,1,4500
2,1200,2,25000
2,1350,2,13000
1,400,1,6000
2,800,2,12500
3,1450,2,26000
3,2405,3,60000
3,2500,2,35000
4,1000,2,16000
2,1200,2,12000
4,3250,5,110000
3,1600,3,20000
2,980,2,12000
3,1600,3,25000
2,1000,2,17000
1,40,1,5500
1,850,1,8000
2,840,2,17000
2,600,1,15000
1,650,1,9000
2,1100,2,16000
3,214,4,30000
3,1700,3,30000
2,1500,2,13000
2,600,2,8000
2,950,2,13000
2,900,1,7000
1,500,1,5000
3,1450,3,18000
3,1250,2,35000
3,1500,3,15000
3,1500,3,15000
2,855,2,17000
2,1040,2,25000
2,1350,2,12000
2,1000,2,15000
3,2000,3,29000
3,1750,3,35000
3,1500,2,45000
2,1000,2,15000
